-- phpMyAdmin SQL Dump
-- Version 5.2.1
-- https://www.phpmyadmin.net/
--
-- Host: 127.0.0.1
-- Generation TIME: Dec 17, 2025 at 04:02 AM
-- SerVer Version: 9.4.0
-- PHP Version: 8.2.12

SET SQL_MODE = "NO_AUTO_VALUE_ON_ZERO";
START TRANSACTION;
SET TIME_zone = "+00:00";


/*!40101 SET @OLD_CharACTER_SET_CLIENT=@@CharACTER_SET_CLIENT */;
/*!40101 SET @OLD_CharACTER_SET_RESULTS=@@CharACTER_SET_RESULTS */;
/*!40101 SET @OLD_COLLATION_CONNECTION=@@COLLATION_CONNECTION */;
/*!40101 SET NAMES utf8mb4 */;

--
-- Database: HighCinema
--
CREATE DATABASE IF NOT EXISTS HighCinema DEFAULT CharACTER SET utf8mb4 COLLATE utf8mb4_unicode_ci;
USE HighCinema;

-- --------------------------------------------------------

--
-- Table structure for table CTHDDichVu
--

CREATE TABLE CTHDDichVu (
  MaHD VARCHAR(10) COLLATE utf8mb4_unicode_ci NOT NULL,
  MaDV VARCHAR(10) COLLATE utf8mb4_unicode_ci DEFAULT NULL,
  SoLuong INT DEFAULT '1',
  ThanhTien DECIMAL(10,0) DEFAULT NULL
) ENGINE=InnoDB DEFAULT CharSET=utf8mb4 COLLATE=utf8mb4_unicode_ci;

--
-- Dumping data for table CTHDDichVu
--

INSERT INTO CTHDDichVu (MaHD, MaDV, SoLuong, ThanhTien) VALUES
('HD0001', 'DV001', 1, 45000),
('HD0002', 'DV005', 3, 210000),
('HD0003', 'DV005', 2, 140000),
('HD0003', 'DV010', 1, 30000),
('HD0004', 'DV005', 3, 210000),
('HD0005', 'DV005', 1, 70000),
('HD0005', 'DV009', 1, 25000),
('HD0007', 'DV005', 3, 210000),
('HD0007', 'DV010', 2, 60000),
('HD0008', 'DV005', 1, 70000),
('HD0008', 'DV007', 2, 80000),
('HD0009', 'DV005', 1, 70000),
('HD0010', 'DV005', 2, 140000),
('HD0010', 'DV004', 1, 40000),
('HD0011', 'DV005', 1, 70000),
('HD0011', 'DV008', 2, 40000),
('HD0012', 'DV005', 2, 140000),
('HD0013', 'DV005', 1, 70000),
('HD0015', 'DV005', 1, 70000),
('HD0016', 'DV001', 2, 90000),
('HD0016', 'DV003', 2, 60000),
('HD0017', 'DV001', 1, 45000),
('HD0017', 'DV002', 1, 30000),
('HD0018', 'DV005', 2, 140000),
('HD0018', 'DV007', 2, 80000),
('HD0019', 'DV005', 1, 70000),
('HD0019', 'DV007', 2, 80000),
('HD0020', 'DV005', 1, 70000),
('HD0021', 'DV005', 1, 70000),
('HD0022', 'DV009', 2, 50000),
('HD0023', 'DV005', 1, 70000),
('HD0024', 'DV005', 2, 140000),
('HD0025', 'DV005', 1, 70000),
('HD0026', 'DV001', 2, 90000),
('HD0026', 'DV003', 2, 60000),
('HD0027', 'DV002', 2, 60000),
('HD0029', 'DV001', 2, 90000),
('HD0029', 'DV003', 2, 60000),
('HD0031', 'DV001', 3, 135000),
('HD0031', 'DV003', 3, 90000),
('HD0031', 'DV009', 2, 50000),
('HD0032', 'DV001', 2, 90000),
('HD0032', 'DV002', 2, 60000),
('HD0033', 'DV005', 1, 70000),
('HD0034', 'DV005', 1, 70000),
('HD0035', 'DV005', 1, 70000),
('HD0036', 'DV001', 2, 90000),
('HD0036', 'DV003', 2, 60000),
('HD0038', 'DV001', 2, 90000),
('HD0038', 'DV006', 1, 35000),
('HD0039', 'DV005', 2, 140000),
('HD0039', 'DV009', 2, 50000),
('HD0042', 'DV005', 1, 70000),
('HD0043', 'DV005', 1, 70000),
('HD0043', 'DV010', 2, 60000),
('HD0045', 'DV005', 2, 140000),
('HD0047', 'DV005', 2, 140000),
('HD0049', 'DV005', 2, 140000),
('HD0050', 'DV001', 3, 135000),
('HD0050', 'DV002', 3, 90000),
('HD0051', 'DV005', 2, 140000),
('HD0052', 'DV001', 2, 90000),
('HD0052', 'DV002', 2, 60000),
('HD0053', 'DV003', 1, 30000),
('HD0053', 'DV008', 1, 20000),
('HD0054', 'DV005', 2, 140000),
('HD0055', 'DV001', 2, 90000),
('HD0055', 'DV002', 2, 60000),
('HD0056', 'DV001', 2, 90000),
('HD0056', 'DV002', 2, 60000),
('HD0058', 'DV005', 2, 140000),
('HD0059', 'DV005', 3, 210000),
('HD0061', 'DV002', 2, 60000),
('HD0061', 'DV007', 1, 40000),
('HD0062', 'DV001', 1, 45000),
('HD0062', 'DV003', 1, 30000),
('HD0063', 'DV001', 2, 90000),
('HD0064', 'DV001', 3, 135000),
('HD0064', 'DV002', 3, 90000),
('HD0065', 'DV005', 2, 140000),
('HD0066', 'DV001', 2, 90000),
('HD0067', 'DV001', 2, 90000),
('HD0067', 'DV003', 2, 60000),
('HD0067', 'DV007', 1, 40000),
('HD0068', 'DV005', 2, 140000),
('HD0069', 'DV001', 2, 90000),
('HD0069', 'DV010', 2, 60000),
('HD0070', 'DV001', 1, 45000),
('HD0070', 'DV003', 1, 30000),
('HD0070', 'DV004', 2, 80000),
('HD0072', 'DV005', 2, 140000),
('HD0073', 'DV002', 1, 30000),
('HD0073', 'DV004', 1, 40000),
('HD0074', 'DV003', 2, 60000),
('HD0075', 'DV001', 1, 45000),
('HD0075', 'DV003', 1, 30000),
('HD0078', 'DV005', 2, 140000),
('HD0079', 'DV001', 2, 90000),
('HD0080', 'DV005', 1, 70000),
('HD0081', 'DV001', 2, 90000),
('HD0082', 'DV003', 2, 60000),
('HD0083', 'DV005', 3, 210000),
('HD0084', 'DV005', 2, 140000),
('HD0086', 'DV005', 1, 70000),
('HD0087', 'DV005', 2, 140000),
('HD0087', 'DV006', 1, 35000),
('HD0088', 'DV005', 2, 140000),
('HD0089', 'DV003', 2, 60000),
('HD0091', 'DV005', 2, 140000),
('HD0092', 'DV001', 1, 45000),
('HD0092', 'DV003', 1, 30000),
('HD0092', 'DV008', 2, 40000),
('HD0093', 'DV001', 2, 90000),
('HD0093', 'DV004', 2, 80000),
('HD0094', 'DV001', 2, 90000),
('HD0094', 'DV003', 2, 60000),
('HD0094', 'DV007', 2, 80000),
('HD0095', 'DV005', 2, 140000),
('HD0096', 'DV005', 1, 70000),
('HD0098', 'DV005', 2, 140000);

-- --------------------------------------------------------

--
-- Table structure for table CTHDVe
--

CREATE TABLE CTHDVe (
  MaHD VARCHAR(10) COLLATE utf8mb4_unicode_ci NOT NULL,
  MaVe VARCHAR(10) COLLATE utf8mb4_unicode_ci DEFAULT NULL,
  GiaVe DECIMAL(10,0) DEFAULT NULL
) ENGINE=InnoDB DEFAULT CharSET=utf8mb4 COLLATE=utf8mb4_unicode_ci;

--
-- Dumping data for table CTHDVe
--

INSERT INTO CTHDVe (MaHD, MaVe, GiaVe) VALUES
('HD0001', 'Ve413', 105000),
('HD0002', 'Ve030', 75000),
('HD0002', 'Ve175', 130000),
('HD0002', 'Ve431', 180000),
('HD0003', 'Ve251', 180000),
('HD0003', 'Ve115', 75000),
('HD0004', 'Ve544', 105000),
('HD0004', 'Ve597', 120000),
('HD0004', 'Ve213', 130000),
('HD0005', 'Ve130', 75000),
('HD0006', 'Ve438', 130000),
('HD0007', 'Ve553', 75000),
('HD0007', 'Ve149', 75000),
('HD0007', 'Ve140', 75000),
('HD0008', 'Ve025', 75000),
('HD0009', 'Ve233', 180000),
('HD0010', 'Ve469', 75000),
('HD0010', 'Ve203', 130000),
('HD0011', 'Ve105', 130000),
('HD0012', 'Ve534', 105000),
('HD0012', 'Ve305', 180000),
('HD0013', 'Ve090', 105000),
('HD0014', 'Ve214', 130000),
('HD0015', 'Ve336', 220000),
('HD0016', 'Ve508', 120000),
('HD0016', 'Ve484', 75000),
('HD0017', 'Ve443', 130000),
('HD0018', 'Ve500', 180000),
('HD0018', 'Ve036', 75000),
('HD0019', 'Ve455', 75000),
('HD0020', 'Ve354', 75000),
('HD0021', 'Ve469', 75000),
('HD0022', 'Ve177', 130000),
('HD0022', 'Ve557', 75000),
('HD0023', 'Ve196', 130000),
('HD0024', 'Ve259', 180000),
('HD0024', 'Ve493', 120000),
('HD0025', 'Ve287', 180000),
('HD0026', 'Ve265', 180000),
('HD0026', 'Ve518', 105000),
('HD0027', 'Ve330', 300000),
('HD0027', 'Ve309', 180000),
('HD0028', 'Ve567', 75000),
('HD0028', 'Ve465', 75000),
('HD0028', 'Ve375', 75000),
('HD0029', 'Ve501', 180000),
('HD0029', 'Ve181', 130000),
('HD0030', 'Ve427', 105000),
('HD0031', 'Ve475', 75000),
('HD0031', 'Ve067', 105000),
('HD0031', 'Ve086', 105000),
('HD0032', 'Ve324', 220000),
('HD0032', 'Ve139', 75000),
('HD0033', 'Ve033', 75000),
('HD0034', 'Ve491', 180000),
('HD0035', 'Ve178', 130000),
('HD0036', 'Ve349', 75000),
('HD0036', 'Ve038', 75000),
('HD0037', 'Ve508', 120000),
('HD0038', 'Ve277', 180000),
('HD0038', 'Ve533', 105000),
('HD0039', 'Ve190', 130000),
('HD0039', 'Ve473', 75000),
('HD0040', 'Ve053', 120000),
('HD0040', 'Ve253', 180000),
('HD0041', 'Ve359', 75000),
('HD0041', 'Ve548', 130000),
('HD0042', 'Ve051', 180000),
('HD0043', 'Ve138', 75000),
('HD0044', 'Ve286', 180000),
('HD0044', 'Ve388', 120000),
('HD0044', 'Ve353', 75000),
('HD0045', 'Ve589', 75000),
('HD0045', 'Ve233', 180000),
('HD0046', 'Ve321', 300000),
('HD0047', 'Ve164', 120000),
('HD0047', 'Ve251', 180000),
('HD0048', 'Ve146', 75000),
('HD0048', 'Ve364', 75000),
('HD0049', 'Ve404', 105000),
('HD0049', 'Ve492', 180000),
('HD0050', 'Ve531', 105000),
('HD0050', 'Ve112', 75000),
('HD0050', 'Ve306', 180000),
('HD0051', 'Ve065', 105000),
('HD0051', 'Ve349', 75000),
('HD0052', 'Ve286', 180000),
('HD0052', 'Ve391', 180000),
('HD0053', 'Ve358', 75000),
('HD0054', 'Ve457', 75000),
('HD0054', 'Ve188', 130000),
('HD0055', 'Ve275', 180000),
('HD0055', 'Ve452', 75000),
('HD0056', 'Ve005', 75000),
('HD0056', 'Ve234', 180000),
('HD0057', 'Ve467', 75000),
('HD0057', 'Ve214', 130000),
('HD0058', 'Ve190', 130000),
('HD0058', 'Ve385', 120000),
('HD0059', 'Ve132', 75000),
('HD0059', 'Ve175', 130000),
('HD0059', 'Ve592', 180000),
('HD0060', 'Ve249', 250000),
('HD0060', 'Ve072', 105000),
('HD0061', 'Ve415', 105000),
('HD0061', 'Ve268', 180000),
('HD0062', 'Ve101', 180000),
('HD0063', 'Ve204', 130000),
('HD0063', 'Ve519', 105000),
('HD0064', 'Ve184', 130000),
('HD0064', 'Ve231', 250000),
('HD0064', 'Ve544', 105000),
('HD0065', 'Ve513', 105000),
('HD0065', 'Ve277', 180000),
('HD0066', 'Ve211', 130000),
('HD0066', 'Ve169', 180000),
('HD0067', 'Ve441', 180000),
('HD0067', 'Ve142', 75000),
('HD0068', 'Ve023', 75000),
('HD0068', 'Ve552', 75000),
('HD0069', 'Ve314', 220000),
('HD0069', 'Ve577', 75000),
('HD0070', 'Ve060', 180000),
('HD0071', 'Ve479', 75000),
('HD0071', 'Ve037', 75000),
('HD0071', 'Ve081', 105000),
('HD0072', 'Ve278', 180000),
('HD0072', 'Ve340', 300000),
('HD0073', 'Ve507', 120000),
('HD0074', 'Ve576', 75000),
('HD0074', 'Ve227', 180000),
('HD0075', 'Ve263', 180000),
('HD0076', 'Ve558', 75000),
('HD0077', 'Ve017', 75000),
('HD0078', 'Ve221', 130000),
('HD0078', 'Ve031', 75000),
('HD0079', 'Ve116', 75000),
('HD0079', 'Ve232', 250000),
('HD0080', 'Ve032', 75000),
('HD0081', 'Ve291', 180000),
('HD0081', 'Ve432', 180000),
('HD0082', 'Ve236', 180000),
('HD0082', 'Ve249', 250000),
('HD0083', 'Ve386', 120000),
('HD0083', 'Ve150', 75000),
('HD0083', 'Ve190', 130000),
('HD0084', 'Ve501', 180000),
('HD0084', 'Ve192', 130000),
('HD0085', 'Ve267', 180000),
('HD0085', 'Ve051', 180000),
('HD0086', 'Ve426', 105000),
('HD0087', 'Ve187', 130000),
('HD0087', 'Ve041', 180000),
('HD0088', 'Ve303', 180000),
('HD0088', 'Ve514', 105000),
('HD0089', 'Ve272', 180000),
('HD0089', 'Ve462', 75000),
('HD0090', 'Ve109', 180000),
('HD0090', 'Ve344', 75000),
('HD0091', 'Ve019', 75000),
('HD0091', 'Ve489', 75000),
('HD0092', 'Ve020', 75000),
('HD0093', 'Ve007', 75000),
('HD0093', 'Ve281', 180000),
('HD0094', 'Ve568', 75000),
('HD0094', 'Ve043', 120000),
('HD0095', 'Ve389', 180000),
('HD0095', 'Ve044', 120000),
('HD0096', 'Ve003', 75000),
('HD0097', 'Ve184', 130000),
('HD0097', 'Ve262', 180000),
('HD0098', 'Ve430', 105000),
('HD0098', 'Ve095', 130000),
('HD0099', 'Ve026', 75000),
('HD0099', 'Ve076', 105000),
('HD0100', 'Ve297', 180000);

-- --------------------------------------------------------

--
-- Table structure for table DichVu
--

CREATE TABLE DichVu (
  MaDV VARCHAR(10) COLLATE utf8mb4_unicode_ci NOT NULL,
  TenDV VARCHAR(100) COLLATE utf8mb4_unicode_ci DEFAULT NULL,
  DonGia DECIMAL(10,0) DEFAULT NULL,
  MoTa TEXT COLLATE utf8mb4_unicode_ci,
  Anh VARCHAR(255) COLLATE utf8mb4_unicode_ci NOT NULL
) ENGINE=InnoDB DEFAULT CharSET=utf8mb4 COLLATE=utf8mb4_unicode_ci;

--
-- Dumping data for table DichVu
--

INSERT INTO DichVu (MaDV, TenDV, DonGia, MoTa, Anh) VALUES
('DV001', 'Bắp rang bơ', 45000, 'Bắp rang vị bơ thơm ngon', 'images/dv1.jpg'),
('DV002', 'Coca-Cola', 30000, 'Nước ngọt có gas mát lạnh', 'images/dv2.jpg'),
('DV003', 'Pepsi', 30000, 'Nước ngọt có gas', 'images/dv3.jpg'),
('DV004', 'Khoai tây chiên', 40000, 'Khoai chiên giòn rụm', 'images/dv4.jpg'),
('DV005', 'Combo Bắp + Nước', 70000, 'Gồm bắp và nước ngọt', 'images/dv5.jpg'),
('DV006', 'Hotdog', 35000, 'Xúc xích nóng hổi', 'images/dv6.jpg'),
('DV007', 'Trà sữa', 40000, 'Trà sữa trân châu đường đen', 'images/dv7.jpg'),
('DV008', 'Nước suối', 20000, 'Nước tinh khiết', 'images/dv8.jpg'),
('DV009', 'Kem que', 25000, 'Kem mát lạnh vị vani', 'images/dv9.jpg'),
('DV010', 'Bánh ngọt', 30000, 'Bánh ngọt mềm xốp vị socola', 'images/dv10.jpg');

-- --------------------------------------------------------

--
-- Table structure for table Ghe
--

CREATE TABLE Ghe (
  MaGhe VARCHAR(10) COLLATE utf8mb4_unicode_ci NOT NULL,
  MaPhong VARCHAR(10) COLLATE utf8mb4_unicode_ci NOT NULL,
  SoHang Char(1) COLLATE utf8mb4_unicode_ci DEFAULT NULL,
  SoCot INT DEFAULT NULL,
  LoaiGhe ENUM('Thường','VIP','Đôi') COLLATE utf8mb4_unicode_ci DEFAULT 'Thường',
  TrangThai ENUM('Trống','Đã đặt') COLLATE utf8mb4_unicode_ci DEFAULT 'Trống'
) ENGINE=InnoDB DEFAULT CharSET=utf8mb4 COLLATE=utf8mb4_unicode_ci;

--
-- Dumping data for table Ghe
--

INSERT INTO Ghe (MaGhe, MaPhong, SoHang, SoCot, LoaiGhe, TrangThai) VALUES
('P001_01', 'P001', 'A', 1, 'Thường', 'Trống'),
('P001_02', 'P001', 'A', 2, 'Thường', 'Trống'),
('P001_03', 'P001', 'A', 3, 'Thường', 'Trống'),
('P001_04', 'P001', 'A', 4, 'Thường', 'Trống'),
('P001_05', 'P001', 'A', 5, 'Thường', 'Trống'),
('P001_06', 'P001', 'A', 6, 'Thường', 'Trống'),
('P001_07', 'P001', 'A', 7, 'Thường', 'Trống'),
('P001_08', 'P001', 'A', 8, 'Thường', 'Trống'),
('P001_09', 'P001', 'A', 9, 'Thường', 'Trống'),
('P001_10', 'P001', 'A', 10, 'Thường', 'Trống'),
('P001_11', 'P001', 'B', 1, 'Thường', 'Trống'),
('P001_12', 'P001', 'B', 2, 'Thường', 'Trống'),
('P001_13', 'P001', 'B', 3, 'Thường', 'Trống'),
('P001_14', 'P001', 'B', 4, 'Thường', 'Trống'),
('P001_15', 'P001', 'B', 5, 'Thường', 'Trống'),
('P001_16', 'P001', 'B', 6, 'Thường', 'Trống'),
('P001_17', 'P001', 'B', 7, 'Thường', 'Trống'),
('P001_18', 'P001', 'B', 8, 'Thường', 'Trống'),
('P001_19', 'P001', 'B', 9, 'Thường', 'Trống'),
('P001_20', 'P001', 'B', 10, 'Thường', 'Trống'),
('P001_21', 'P001', 'C', 1, 'Thường', 'Trống'),
('P001_22', 'P001', 'C', 2, 'Thường', 'Trống'),
('P001_23', 'P001', 'C', 3, 'Thường', 'Trống'),
('P001_24', 'P001', 'C', 4, 'Thường', 'Trống'),
('P001_25', 'P001', 'C', 5, 'Thường', 'Trống'),
('P001_26', 'P001', 'C', 6, 'Thường', 'Trống'),
('P001_27', 'P001', 'C', 7, 'Thường', 'Trống'),
('P001_28', 'P001', 'C', 8, 'Thường', 'Trống'),
('P001_29', 'P001', 'C', 9, 'Thường', 'Trống'),
('P001_30', 'P001', 'C', 10, 'Thường', 'Trống'),
('P001_31', 'P001', 'D', 1, 'Thường', 'Trống'),
('P001_32', 'P001', 'D', 2, 'Thường', 'Trống'),
('P001_33', 'P001', 'D', 3, 'Thường', 'Trống'),
('P001_34', 'P001', 'D', 4, 'Thường', 'Trống'),
('P001_35', 'P001', 'D', 5, 'Thường', 'Trống'),
('P001_36', 'P001', 'D', 6, 'Thường', 'Trống'),
('P001_37', 'P001', 'D', 7, 'Thường', 'Trống'),
('P001_38', 'P001', 'D', 8, 'Thường', 'Trống'),
('P001_39', 'P001', 'D', 9, 'Thường', 'Trống'),
('P001_40', 'P001', 'D', 10, 'Thường', 'Trống'),
('P001_41', 'P001', 'E', 1, 'Đôi', 'Trống'),
('P001_42', 'P001', 'E', 2, 'Đôi', 'Trống'),
('P001_43', 'P001', 'E', 3, 'VIP', 'Trống'),
('P001_44', 'P001', 'E', 4, 'VIP', 'Trống'),
('P001_45', 'P001', 'E', 5, 'VIP', 'Trống'),
('P001_46', 'P001', 'E', 6, 'VIP', 'Trống'),
('P001_47', 'P001', 'E', 7, 'VIP', 'Trống'),
('P001_48', 'P001', 'E', 8, 'VIP', 'Trống'),
('P001_49', 'P001', 'E', 9, 'Đôi', 'Trống'),
('P001_50', 'P001', 'E', 10, 'Đôi', 'Trống'),
('P001_51', 'P001', 'F', 1, 'Đôi', 'Trống'),
('P001_52', 'P001', 'F', 2, 'Đôi', 'Trống'),
('P001_53', 'P001', 'F', 3, 'VIP', 'Trống'),
('P001_54', 'P001', 'F', 4, 'VIP', 'Trống'),
('P001_55', 'P001', 'F', 5, 'VIP', 'Trống'),
('P001_56', 'P001', 'F', 6, 'VIP', 'Trống'),
('P001_57', 'P001', 'F', 7, 'VIP', 'Trống'),
('P001_58', 'P001', 'F', 8, 'VIP', 'Trống'),
('P001_59', 'P001', 'F', 9, 'Đôi', 'Trống'),
('P001_60', 'P001', 'F', 10, 'Đôi', 'Trống'),
('P002_01', 'P002', 'A', 1, 'Thường', 'Trống'),
('P002_02', 'P002', 'A', 2, 'Thường', 'Trống'),
('P002_03', 'P002', 'A', 3, 'Thường', 'Trống'),
('P002_04', 'P002', 'A', 4, 'Thường', 'Trống'),
('P002_05', 'P002', 'A', 5, 'Thường', 'Trống'),
('P002_06', 'P002', 'A', 6, 'Thường', 'Trống'),
('P002_07', 'P002', 'A', 7, 'Thường', 'Trống'),
('P002_08', 'P002', 'A', 8, 'Thường', 'Trống'),
('P002_09', 'P002', 'A', 9, 'Thường', 'Trống'),
('P002_10', 'P002', 'A', 10, 'Thường', 'Trống'),
('P002_11', 'P002', 'B', 1, 'Thường', 'Trống'),
('P002_12', 'P002', 'B', 2, 'Thường', 'Trống'),
('P002_13', 'P002', 'B', 3, 'Thường', 'Trống'),
('P002_14', 'P002', 'B', 4, 'Thường', 'Trống'),
('P002_15', 'P002', 'B', 5, 'Thường', 'Trống'),
('P002_16', 'P002', 'B', 6, 'Thường', 'Trống'),
('P002_17', 'P002', 'B', 7, 'Thường', 'Trống'),
('P002_18', 'P002', 'B', 8, 'Thường', 'Trống'),
('P002_19', 'P002', 'B', 9, 'Thường', 'Trống'),
('P002_20', 'P002', 'B', 10, 'Thường', 'Trống'),
('P002_21', 'P002', 'C', 1, 'Thường', 'Trống'),
('P002_22', 'P002', 'C', 2, 'Thường', 'Trống'),
('P002_23', 'P002', 'C', 3, 'Thường', 'Trống'),
('P002_24', 'P002', 'C', 4, 'Thường', 'Trống'),
('P002_25', 'P002', 'C', 5, 'Thường', 'Trống'),
('P002_26', 'P002', 'C', 6, 'Thường', 'Trống'),
('P002_27', 'P002', 'C', 7, 'Thường', 'Trống'),
('P002_28', 'P002', 'C', 8, 'Thường', 'Trống'),
('P002_29', 'P002', 'C', 9, 'Thường', 'Trống'),
('P002_30', 'P002', 'C', 10, 'Thường', 'Trống'),
('P002_31', 'P002', 'D', 1, 'Đôi', 'Trống'),
('P002_32', 'P002', 'D', 2, 'Đôi', 'Trống'),
('P002_33', 'P002', 'D', 3, 'VIP', 'Trống'),
('P002_34', 'P002', 'D', 4, 'VIP', 'Trống'),
('P002_35', 'P002', 'D', 5, 'VIP', 'Trống'),
('P002_36', 'P002', 'D', 6, 'VIP', 'Trống'),
('P002_37', 'P002', 'D', 7, 'VIP', 'Trống'),
('P002_38', 'P002', 'D', 8, 'VIP', 'Trống'),
('P002_39', 'P002', 'D', 9, 'Đôi', 'Trống'),
('P002_40', 'P002', 'D', 10, 'Đôi', 'Trống'),
('P002_41', 'P002', 'E', 1, 'Đôi', 'Trống'),
('P002_42', 'P002', 'E', 2, 'Đôi', 'Trống'),
('P002_43', 'P002', 'E', 3, 'VIP', 'Trống'),
('P002_44', 'P002', 'E', 4, 'VIP', 'Trống'),
('P002_45', 'P002', 'E', 5, 'VIP', 'Trống'),
('P002_46', 'P002', 'E', 6, 'VIP', 'Trống'),
('P002_47', 'P002', 'E', 7, 'VIP', 'Trống'),
('P002_48', 'P002', 'E', 8, 'VIP', 'Trống'),
('P002_49', 'P002', 'E', 9, 'Đôi', 'Trống'),
('P002_50', 'P002', 'E', 10, 'Đôi', 'Trống'),
('P003_01', 'P003', 'A', 1, 'Thường', 'Trống'),
('P003_02', 'P003', 'A', 2, 'Thường', 'Trống'),
('P003_03', 'P003', 'A', 3, 'Thường', 'Trống'),
('P003_04', 'P003', 'A', 4, 'Thường', 'Trống'),
('P003_05', 'P003', 'A', 5, 'Thường', 'Trống'),
('P003_06', 'P003', 'A', 6, 'Thường', 'Trống'),
('P003_07', 'P003', 'A', 7, 'Thường', 'Trống'),
('P003_08', 'P003', 'A', 8, 'Thường', 'Trống'),
('P003_09', 'P003', 'A', 9, 'Thường', 'Trống'),
('P003_10', 'P003', 'A', 10, 'Thường', 'Trống'),
('P003_11', 'P003', 'B', 1, 'Thường', 'Trống'),
('P003_12', 'P003', 'B', 2, 'Thường', 'Trống'),
('P003_13', 'P003', 'B', 3, 'Thường', 'Trống'),
('P003_14', 'P003', 'B', 4, 'Thường', 'Trống'),
('P003_15', 'P003', 'B', 5, 'Thường', 'Trống'),
('P003_16', 'P003', 'B', 6, 'Thường', 'Trống'),
('P003_17', 'P003', 'B', 7, 'Thường', 'Trống'),
('P003_18', 'P003', 'B', 8, 'Thường', 'Trống'),
('P003_19', 'P003', 'B', 9, 'Thường', 'Trống'),
('P003_20', 'P003', 'B', 10, 'Thường', 'Trống'),
('P003_21', 'P003', 'C', 1, 'Thường', 'Trống'),
('P003_22', 'P003', 'C', 2, 'Thường', 'Trống'),
('P003_23', 'P003', 'C', 3, 'Thường', 'Trống'),
('P003_24', 'P003', 'C', 4, 'Thường', 'Trống'),
('P003_25', 'P003', 'C', 5, 'Thường', 'Trống'),
('P003_26', 'P003', 'C', 6, 'Thường', 'Trống'),
('P003_27', 'P003', 'C', 7, 'Thường', 'Trống'),
('P003_28', 'P003', 'C', 8, 'Thường', 'Trống'),
('P003_29', 'P003', 'C', 9, 'Thường', 'Trống'),
('P003_30', 'P003', 'C', 10, 'Thường', 'Trống'),
('P003_31', 'P003', 'D', 1, 'Thường', 'Trống'),
('P003_32', 'P003', 'D', 2, 'Thường', 'Trống'),
('P003_33', 'P003', 'D', 3, 'Thường', 'Trống'),
('P003_34', 'P003', 'D', 4, 'Thường', 'Trống'),
('P003_35', 'P003', 'D', 5, 'Thường', 'Trống'),
('P003_36', 'P003', 'D', 6, 'Thường', 'Trống'),
('P003_37', 'P003', 'D', 7, 'Thường', 'Trống'),
('P003_38', 'P003', 'D', 8, 'Thường', 'Trống'),
('P003_39', 'P003', 'D', 9, 'Thường', 'Trống'),
('P003_40', 'P003', 'D', 10, 'Thường', 'Trống'),
('P003_41', 'P003', 'E', 1, 'Đôi', 'Trống'),
('P003_42', 'P003', 'E', 2, 'Đôi', 'Trống'),
('P003_43', 'P003', 'E', 3, 'VIP', 'Trống'),
('P003_44', 'P003', 'E', 4, 'VIP', 'Trống'),
('P003_45', 'P003', 'E', 5, 'VIP', 'Trống'),
('P003_46', 'P003', 'E', 6, 'VIP', 'Trống'),
('P003_47', 'P003', 'E', 7, 'VIP', 'Trống'),
('P003_48', 'P003', 'E', 8, 'VIP', 'Trống'),
('P003_49', 'P003', 'E', 9, 'Đôi', 'Trống'),
('P003_50', 'P003', 'E', 10, 'Đôi', 'Trống'),
('P003_51', 'P003', 'F', 1, 'Đôi', 'Trống'),
('P003_52', 'P003', 'F', 2, 'Đôi', 'Trống'),
('P003_53', 'P003', 'F', 3, 'VIP', 'Trống'),
('P003_54', 'P003', 'F', 4, 'VIP', 'Trống'),
('P003_55', 'P003', 'F', 5, 'VIP', 'Trống'),
('P003_56', 'P003', 'F', 6, 'VIP', 'Trống'),
('P003_57', 'P003', 'F', 7, 'VIP', 'Trống'),
('P003_58', 'P003', 'F', 8, 'VIP', 'Trống'),
('P003_59', 'P003', 'F', 9, 'Đôi', 'Trống'),
('P003_60', 'P003', 'F', 10, 'Đôi', 'Trống'),
('P004_01', 'P004', 'A', 1, 'Thường', 'Trống'),
('P004_02', 'P004', 'A', 2, 'Thường', 'Trống'),
('P004_03', 'P004', 'A', 3, 'Thường', 'Trống'),
('P004_04', 'P004', 'A', 4, 'Thường', 'Trống'),
('P004_05', 'P004', 'A', 5, 'Thường', 'Trống'),
('P004_06', 'P004', 'A', 6, 'Thường', 'Trống'),
('P004_07', 'P004', 'A', 7, 'Thường', 'Trống'),
('P004_08', 'P004', 'A', 8, 'Thường', 'Trống'),
('P004_09', 'P004', 'A', 9, 'Thường', 'Trống'),
('P004_10', 'P004', 'A', 10, 'Thường', 'Trống'),
('P004_11', 'P004', 'B', 1, 'Thường', 'Trống'),
('P004_12', 'P004', 'B', 2, 'Thường', 'Trống'),
('P004_13', 'P004', 'B', 3, 'Thường', 'Trống'),
('P004_14', 'P004', 'B', 4, 'Thường', 'Trống'),
('P004_15', 'P004', 'B', 5, 'Thường', 'Trống'),
('P004_16', 'P004', 'B', 6, 'Thường', 'Trống'),
('P004_17', 'P004', 'B', 7, 'Thường', 'Trống'),
('P004_18', 'P004', 'B', 8, 'Thường', 'Trống'),
('P004_19', 'P004', 'B', 9, 'Thường', 'Trống'),
('P004_20', 'P004', 'B', 10, 'Thường', 'Trống'),
('P004_21', 'P004', 'C', 1, 'Thường', 'Trống'),
('P004_22', 'P004', 'C', 2, 'Thường', 'Trống'),
('P004_23', 'P004', 'C', 3, 'Thường', 'Trống'),
('P004_24', 'P004', 'C', 4, 'Thường', 'Trống'),
('P004_25', 'P004', 'C', 5, 'Thường', 'Trống'),
('P004_26', 'P004', 'C', 6, 'Thường', 'Trống'),
('P004_27', 'P004', 'C', 7, 'Thường', 'Trống'),
('P004_28', 'P004', 'C', 8, 'Thường', 'Trống'),
('P004_29', 'P004', 'C', 9, 'Thường', 'Trống'),
('P004_30', 'P004', 'C', 10, 'Thường', 'Trống'),
('P004_31', 'P004', 'D', 1, 'Thường', 'Trống'),
('P004_32', 'P004', 'D', 2, 'Thường', 'Trống'),
('P004_33', 'P004', 'D', 3, 'Thường', 'Trống'),
('P004_34', 'P004', 'D', 4, 'Thường', 'Trống'),
('P004_35', 'P004', 'D', 5, 'Thường', 'Trống'),
('P004_36', 'P004', 'D', 6, 'Thường', 'Trống'),
('P004_37', 'P004', 'D', 7, 'Thường', 'Trống'),
('P004_38', 'P004', 'D', 8, 'Thường', 'Trống'),
('P004_39', 'P004', 'D', 9, 'Thường', 'Trống'),
('P004_40', 'P004', 'D', 10, 'Thường', 'Trống'),
('P004_41', 'P004', 'E', 1, 'Thường', 'Trống'),
('P004_42', 'P004', 'E', 2, 'Thường', 'Trống'),
('P004_43', 'P004', 'E', 3, 'Thường', 'Trống'),
('P004_44', 'P004', 'E', 4, 'Thường', 'Trống'),
('P004_45', 'P004', 'E', 5, 'Thường', 'Trống'),
('P004_46', 'P004', 'E', 6, 'Thường', 'Trống'),
('P004_47', 'P004', 'E', 7, 'Thường', 'Trống'),
('P004_48', 'P004', 'E', 8, 'Thường', 'Trống'),
('P004_49', 'P004', 'E', 9, 'Thường', 'Trống'),
('P004_50', 'P004', 'E', 10, 'Thường', 'Trống'),
('P004_51', 'P004', 'F', 1, 'Thường', 'Trống'),
('P004_52', 'P004', 'F', 2, 'Thường', 'Trống'),
('P004_53', 'P004', 'F', 3, 'VIP', 'Trống'),
('P004_54', 'P004', 'F', 4, 'VIP', 'Trống'),
('P004_55', 'P004', 'F', 5, 'VIP', 'Trống'),
('P004_56', 'P004', 'F', 6, 'VIP', 'Trống'),
('P004_57', 'P004', 'F', 7, 'VIP', 'Trống'),
('P004_58', 'P004', 'F', 8, 'VIP', 'Trống'),
('P004_59', 'P004', 'F', 9, 'Thường', 'Trống'),
('P004_60', 'P004', 'F', 10, 'Thường', 'Trống'),
('P004_61', 'P004', 'G', 1, 'Đôi', 'Trống'),
('P004_62', 'P004', 'G', 2, 'Đôi', 'Trống'),
('P004_63', 'P004', 'G', 3, 'VIP', 'Trống'),
('P004_64', 'P004', 'G', 4, 'VIP', 'Trống'),
('P004_65', 'P004', 'G', 5, 'VIP', 'Trống'),
('P004_66', 'P004', 'G', 6, 'VIP', 'Trống'),
('P004_67', 'P004', 'G', 7, 'VIP', 'Trống'),
('P004_68', 'P004', 'G', 8, 'VIP', 'Trống'),
('P004_69', 'P004', 'G', 9, 'Đôi', 'Trống'),
('P004_70', 'P004', 'G', 10, 'Đôi', 'Trống'),
('P004_71', 'P004', 'H', 1, 'Đôi', 'Trống'),
('P004_72', 'P004', 'H', 2, 'Đôi', 'Trống'),
('P004_73', 'P004', 'H', 3, 'VIP', 'Trống'),
('P004_74', 'P004', 'H', 4, 'VIP', 'Trống'),
('P004_75', 'P004', 'H', 5, 'VIP', 'Trống'),
('P004_76', 'P004', 'H', 6, 'VIP', 'Trống'),
('P004_77', 'P004', 'H', 7, 'VIP', 'Trống'),
('P004_78', 'P004', 'H', 8, 'VIP', 'Trống'),
('P004_79', 'P004', 'H', 9, 'Đôi', 'Trống'),
('P004_80', 'P004', 'H', 10, 'Đôi', 'Trống'),
('P005_01', 'P005', 'A', 1, 'Thường', 'Trống'),
('P005_02', 'P005', 'A', 2, 'Thường', 'Trống'),
('P005_03', 'P005', 'A', 3, 'Thường', 'Trống'),
('P005_04', 'P005', 'A', 4, 'Thường', 'Trống'),
('P005_05', 'P005', 'A', 5, 'Thường', 'Trống'),
('P005_06', 'P005', 'A', 6, 'Thường', 'Trống'),
('P005_07', 'P005', 'A', 7, 'Thường', 'Trống'),
('P005_08', 'P005', 'A', 8, 'Thường', 'Trống'),
('P005_09', 'P005', 'A', 9, 'Thường', 'Trống'),
('P005_10', 'P005', 'A', 10, 'Thường', 'Trống'),
('P005_11', 'P005', 'B', 1, 'Thường', 'Trống'),
('P005_12', 'P005', 'B', 2, 'Thường', 'Trống'),
('P005_13', 'P005', 'B', 3, 'Thường', 'Trống'),
('P005_14', 'P005', 'B', 4, 'Thường', 'Trống'),
('P005_15', 'P005', 'B', 5, 'Thường', 'Trống'),
('P005_16', 'P005', 'B', 6, 'Thường', 'Trống'),
('P005_17', 'P005', 'B', 7, 'Thường', 'Trống'),
('P005_18', 'P005', 'B', 8, 'Thường', 'Trống'),
('P005_19', 'P005', 'B', 9, 'Thường', 'Trống'),
('P005_20', 'P005', 'B', 10, 'Thường', 'Trống'),
('P005_21', 'P005', 'C', 1, 'Thường', 'Trống'),
('P005_22', 'P005', 'C', 2, 'Thường', 'Trống'),
('P005_23', 'P005', 'C', 3, 'Thường', 'Trống'),
('P005_24', 'P005', 'C', 4, 'Thường', 'Trống'),
('P005_25', 'P005', 'C', 5, 'Thường', 'Trống'),
('P005_26', 'P005', 'C', 6, 'Thường', 'Trống'),
('P005_27', 'P005', 'C', 7, 'Thường', 'Trống'),
('P005_28', 'P005', 'C', 8, 'Thường', 'Trống'),
('P005_29', 'P005', 'C', 9, 'Thường', 'Trống'),
('P005_30', 'P005', 'C', 10, 'Thường', 'Trống'),
('P005_31', 'P005', 'D', 1, 'Thường', 'Trống'),
('P005_32', 'P005', 'D', 2, 'Thường', 'Trống'),
('P005_33', 'P005', 'D', 3, 'Thường', 'Trống'),
('P005_34', 'P005', 'D', 4, 'Thường', 'Trống'),
('P005_35', 'P005', 'D', 5, 'Thường', 'Trống'),
('P005_36', 'P005', 'D', 6, 'Thường', 'Trống'),
('P005_37', 'P005', 'D', 7, 'Thường', 'Trống'),
('P005_38', 'P005', 'D', 8, 'Thường', 'Trống'),
('P005_39', 'P005', 'D', 9, 'Thường', 'Trống'),
('P005_40', 'P005', 'D', 10, 'Thường', 'Trống'),
('P005_41', 'P005', 'E', 1, 'Thường', 'Trống'),
('P005_42', 'P005', 'E', 2, 'Thường', 'Trống'),
('P005_43', 'P005', 'E', 3, 'Thường', 'Trống'),
('P005_44', 'P005', 'E', 4, 'Thường', 'Trống'),
('P005_45', 'P005', 'E', 5, 'Thường', 'Trống'),
('P005_46', 'P005', 'E', 6, 'Thường', 'Trống'),
('P005_47', 'P005', 'E', 7, 'Thường', 'Trống'),
('P005_48', 'P005', 'E', 8, 'Thường', 'Trống'),
('P005_49', 'P005', 'E', 9, 'Thường', 'Trống'),
('P005_50', 'P005', 'E', 10, 'Thường', 'Trống'),
('P005_51', 'P005', 'F', 1, 'Thường', 'Trống'),
('P005_52', 'P005', 'F', 2, 'Thường', 'Trống'),
('P005_53', 'P005', 'F', 3, 'Thường', 'Trống'),
('P005_54', 'P005', 'F', 4, 'Thường', 'Trống'),
('P005_55', 'P005', 'F', 5, 'Thường', 'Trống'),
('P005_56', 'P005', 'F', 6, 'Thường', 'Trống'),
('P005_57', 'P005', 'F', 7, 'Thường', 'Trống'),
('P005_58', 'P005', 'F', 8, 'Thường', 'Trống'),
('P005_59', 'P005', 'F', 9, 'Thường', 'Trống'),
('P005_60', 'P005', 'F', 10, 'Thường', 'Trống'),
('P005_61', 'P005', 'G', 1, 'Thường', 'Trống'),
('P005_62', 'P005', 'G', 2, 'Thường', 'Trống'),
('P005_63', 'P005', 'G', 3, 'VIP', 'Trống'),
('P005_64', 'P005', 'G', 4, 'VIP', 'Trống'),
('P005_65', 'P005', 'G', 5, 'VIP', 'Trống'),
('P005_66', 'P005', 'G', 6, 'VIP', 'Trống'),
('P005_67', 'P005', 'G', 7, 'VIP', 'Trống'),
('P005_68', 'P005', 'G', 8, 'VIP', 'Trống'),
('P005_69', 'P005', 'G', 9, 'Thường', 'Trống'),
('P005_70', 'P005', 'G', 10, 'Thường', 'Trống'),
('P005_71', 'P005', 'H', 1, 'Đôi', 'Trống'),
('P005_72', 'P005', 'H', 2, 'Đôi', 'Trống'),
('P005_73', 'P005', 'H', 3, 'VIP', 'Trống'),
('P005_74', 'P005', 'H', 4, 'VIP', 'Trống'),
('P005_75', 'P005', 'H', 5, 'VIP', 'Trống'),
('P005_76', 'P005', 'H', 6, 'VIP', 'Trống'),
('P005_77', 'P005', 'H', 7, 'VIP', 'Trống'),
('P005_78', 'P005', 'H', 8, 'VIP', 'Trống'),
('P005_79', 'P005', 'H', 9, 'Đôi', 'Trống'),
('P005_80', 'P005', 'H', 10, 'Đôi', 'Trống'),
('P005_81', 'P005', 'I', 1, 'Đôi', 'Trống'),
('P005_82', 'P005', 'I', 2, 'Đôi', 'Trống'),
('P005_83', 'P005', 'I', 3, 'VIP', 'Trống'),
('P005_84', 'P005', 'I', 4, 'VIP', 'Trống'),
('P005_85', 'P005', 'I', 5, 'VIP', 'Trống'),
('P005_86', 'P005', 'I', 6, 'VIP', 'Trống'),
('P005_87', 'P005', 'I', 7, 'VIP', 'Trống'),
('P005_88', 'P005', 'I', 8, 'VIP', 'Trống'),
('P005_89', 'P005', 'I', 9, 'Đôi', 'Trống'),
('P005_90', 'P005', 'I', 10, 'Đôi', 'Trống'),
('P006_01', 'P006', 'A', 1, 'Thường', 'Trống'),
('P006_02', 'P006', 'A', 2, 'Thường', 'Trống'),
('P006_03', 'P006', 'A', 3, 'Thường', 'Trống'),
('P006_04', 'P006', 'A', 4, 'Thường', 'Trống'),
('P006_05', 'P006', 'A', 5, 'Thường', 'Trống'),
('P006_06', 'P006', 'A', 6, 'Thường', 'Trống'),
('P006_07', 'P006', 'A', 7, 'Thường', 'Trống'),
('P006_08', 'P006', 'A', 8, 'Thường', 'Trống'),
('P006_09', 'P006', 'A', 9, 'Thường', 'Trống'),
('P006_10', 'P006', 'A', 10, 'Thường', 'Trống'),
('P006_11', 'P006', 'B', 1, 'Thường', 'Trống'),
('P006_12', 'P006', 'B', 2, 'Thường', 'Trống'),
('P006_13', 'P006', 'B', 3, 'Thường', 'Trống'),
('P006_14', 'P006', 'B', 4, 'Thường', 'Trống'),
('P006_15', 'P006', 'B', 5, 'Thường', 'Trống'),
('P006_16', 'P006', 'B', 6, 'Thường', 'Trống'),
('P006_17', 'P006', 'B', 7, 'Thường', 'Trống'),
('P006_18', 'P006', 'B', 8, 'Thường', 'Trống'),
('P006_19', 'P006', 'B', 9, 'Thường', 'Trống'),
('P006_20', 'P006', 'B', 10, 'Thường', 'Trống'),
('P006_21', 'P006', 'C', 1, 'Thường', 'Trống'),
('P006_22', 'P006', 'C', 2, 'Thường', 'Trống'),
('P006_23', 'P006', 'C', 3, 'Thường', 'Trống'),
('P006_24', 'P006', 'C', 4, 'Thường', 'Trống'),
('P006_25', 'P006', 'C', 5, 'Thường', 'Trống'),
('P006_26', 'P006', 'C', 6, 'Thường', 'Trống'),
('P006_27', 'P006', 'C', 7, 'Thường', 'Trống'),
('P006_28', 'P006', 'C', 8, 'Thường', 'Trống'),
('P006_29', 'P006', 'C', 9, 'Thường', 'Trống'),
('P006_30', 'P006', 'C', 10, 'Thường', 'Trống'),
('P006_31', 'P006', 'D', 1, 'Thường', 'Trống'),
('P006_32', 'P006', 'D', 2, 'Thường', 'Trống'),
('P006_33', 'P006', 'D', 3, 'Thường', 'Trống'),
('P006_34', 'P006', 'D', 4, 'Thường', 'Trống'),
('P006_35', 'P006', 'D', 5, 'Thường', 'Trống'),
('P006_36', 'P006', 'D', 6, 'Thường', 'Trống'),
('P006_37', 'P006', 'D', 7, 'Thường', 'Trống'),
('P006_38', 'P006', 'D', 8, 'Thường', 'Trống'),
('P006_39', 'P006', 'D', 9, 'Thường', 'Trống'),
('P006_40', 'P006', 'D', 10, 'Thường', 'Trống'),
('P006_41', 'P006', 'E', 1, 'Đôi', 'Trống'),
('P006_42', 'P006', 'E', 2, 'Đôi', 'Trống'),
('P006_43', 'P006', 'E', 3, 'VIP', 'Trống'),
('P006_44', 'P006', 'E', 4, 'VIP', 'Trống'),
('P006_45', 'P006', 'E', 5, 'VIP', 'Trống'),
('P006_46', 'P006', 'E', 6, 'VIP', 'Trống'),
('P006_47', 'P006', 'E', 7, 'VIP', 'Trống'),
('P006_48', 'P006', 'E', 8, 'VIP', 'Trống'),
('P006_49', 'P006', 'E', 9, 'Đôi', 'Trống'),
('P006_50', 'P006', 'E', 10, 'Đôi', 'Trống'),
('P006_51', 'P006', 'F', 1, 'Đôi', 'Trống'),
('P006_52', 'P006', 'F', 2, 'Đôi', 'Trống'),
('P006_53', 'P006', 'F', 3, 'VIP', 'Trống'),
('P006_54', 'P006', 'F', 4, 'VIP', 'Trống'),
('P006_55', 'P006', 'F', 5, 'VIP', 'Trống'),
('P006_56', 'P006', 'F', 6, 'VIP', 'Trống'),
('P006_57', 'P006', 'F', 7, 'VIP', 'Trống'),
('P006_58', 'P006', 'F', 8, 'VIP', 'Trống'),
('P006_59', 'P006', 'F', 9, 'Đôi', 'Trống'),
('P006_60', 'P006', 'F', 10, 'Đôi', 'Trống'),
('P007_01', 'P007', 'A', 1, 'Thường', 'Trống'),
('P007_02', 'P007', 'A', 2, 'Thường', 'Trống'),
('P007_03', 'P007', 'A', 3, 'Thường', 'Trống'),
('P007_04', 'P007', 'A', 4, 'Thường', 'Trống'),
('P007_05', 'P007', 'A', 5, 'Thường', 'Trống'),
('P007_06', 'P007', 'A', 6, 'Thường', 'Trống'),
('P007_07', 'P007', 'A', 7, 'Thường', 'Trống'),
('P007_08', 'P007', 'A', 8, 'Thường', 'Trống'),
('P007_09', 'P007', 'A', 9, 'Thường', 'Trống'),
('P007_10', 'P007', 'A', 10, 'Thường', 'Trống'),
('P007_11', 'P007', 'B', 1, 'Thường', 'Trống'),
('P007_12', 'P007', 'B', 2, 'Thường', 'Trống'),
('P007_13', 'P007', 'B', 3, 'Thường', 'Trống'),
('P007_14', 'P007', 'B', 4, 'Thường', 'Trống'),
('P007_15', 'P007', 'B', 5, 'Thường', 'Trống'),
('P007_16', 'P007', 'B', 6, 'Thường', 'Trống'),
('P007_17', 'P007', 'B', 7, 'Thường', 'Trống'),
('P007_18', 'P007', 'B', 8, 'Thường', 'Trống'),
('P007_19', 'P007', 'B', 9, 'Thường', 'Trống'),
('P007_20', 'P007', 'B', 10, 'Thường', 'Trống'),
('P007_21', 'P007', 'C', 1, 'Thường', 'Trống'),
('P007_22', 'P007', 'C', 2, 'Thường', 'Trống'),
('P007_23', 'P007', 'C', 3, 'Thường', 'Trống'),
('P007_24', 'P007', 'C', 4, 'Thường', 'Trống'),
('P007_25', 'P007', 'C', 5, 'Thường', 'Trống'),
('P007_26', 'P007', 'C', 6, 'Thường', 'Trống'),
('P007_27', 'P007', 'C', 7, 'Thường', 'Trống'),
('P007_28', 'P007', 'C', 8, 'Thường', 'Trống'),
('P007_29', 'P007', 'C', 9, 'Thường', 'Trống'),
('P007_30', 'P007', 'C', 10, 'Thường', 'Trống'),
('P007_31', 'P007', 'D', 1, 'Đôi', 'Trống'),
('P007_32', 'P007', 'D', 2, 'Đôi', 'Trống'),
('P007_33', 'P007', 'D', 3, 'VIP', 'Trống'),
('P007_34', 'P007', 'D', 4, 'VIP', 'Trống'),
('P007_35', 'P007', 'D', 5, 'VIP', 'Trống'),
('P007_36', 'P007', 'D', 6, 'VIP', 'Trống'),
('P007_37', 'P007', 'D', 7, 'VIP', 'Trống'),
('P007_38', 'P007', 'D', 8, 'VIP', 'Trống'),
('P007_39', 'P007', 'D', 9, 'Đôi', 'Trống'),
('P007_40', 'P007', 'D', 10, 'Đôi', 'Trống'),
('P007_41', 'P007', 'E', 1, 'Đôi', 'Trống'),
('P007_42', 'P007', 'E', 2, 'Đôi', 'Trống'),
('P007_43', 'P007', 'E', 3, 'VIP', 'Trống'),
('P007_44', 'P007', 'E', 4, 'VIP', 'Trống'),
('P007_45', 'P007', 'E', 5, 'VIP', 'Trống'),
('P007_46', 'P007', 'E', 6, 'VIP', 'Trống'),
('P007_47', 'P007', 'E', 7, 'VIP', 'Trống'),
('P007_48', 'P007', 'E', 8, 'VIP', 'Trống'),
('P007_49', 'P007', 'E', 9, 'Đôi', 'Trống'),
('P007_50', 'P007', 'E', 10, 'Đôi', 'Trống'),
('P008_01', 'P008', 'A', 1, 'Thường', 'Trống'),
('P008_02', 'P008', 'A', 2, 'Thường', 'Trống'),
('P008_03', 'P008', 'A', 3, 'Thường', 'Trống'),
('P008_04', 'P008', 'A', 4, 'Thường', 'Trống'),
('P008_05', 'P008', 'A', 5, 'Thường', 'Trống'),
('P008_06', 'P008', 'A', 6, 'Thường', 'Trống'),
('P008_07', 'P008', 'A', 7, 'Thường', 'Trống'),
('P008_08', 'P008', 'A', 8, 'Thường', 'Trống'),
('P008_09', 'P008', 'A', 9, 'Thường', 'Trống'),
('P008_10', 'P008', 'A', 10, 'Thường', 'Trống'),
('P008_11', 'P008', 'B', 1, 'Thường', 'Trống'),
('P008_12', 'P008', 'B', 2, 'Thường', 'Trống'),
('P008_13', 'P008', 'B', 3, 'Thường', 'Trống'),
('P008_14', 'P008', 'B', 4, 'Thường', 'Trống'),
('P008_15', 'P008', 'B', 5, 'Thường', 'Trống'),
('P008_16', 'P008', 'B', 6, 'Thường', 'Trống'),
('P008_17', 'P008', 'B', 7, 'Thường', 'Trống'),
('P008_18', 'P008', 'B', 8, 'Thường', 'Trống'),
('P008_19', 'P008', 'B', 9, 'Thường', 'Trống'),
('P008_20', 'P008', 'B', 10, 'Thường', 'Trống'),
('P008_21', 'P008', 'C', 1, 'Thường', 'Trống'),
('P008_22', 'P008', 'C', 2, 'Thường', 'Trống'),
('P008_23', 'P008', 'C', 3, 'Thường', 'Trống'),
('P008_24', 'P008', 'C', 4, 'Thường', 'Trống'),
('P008_25', 'P008', 'C', 5, 'Thường', 'Trống'),
('P008_26', 'P008', 'C', 6, 'Thường', 'Trống'),
('P008_27', 'P008', 'C', 7, 'Thường', 'Trống'),
('P008_28', 'P008', 'C', 8, 'Thường', 'Trống'),
('P008_29', 'P008', 'C', 9, 'Thường', 'Trống'),
('P008_30', 'P008', 'C', 10, 'Thường', 'Trống'),
('P008_31', 'P008', 'D', 1, 'Thường', 'Trống'),
('P008_32', 'P008', 'D', 2, 'Thường', 'Trống'),
('P008_33', 'P008', 'D', 3, 'Thường', 'Trống'),
('P008_34', 'P008', 'D', 4, 'Thường', 'Trống'),
('P008_35', 'P008', 'D', 5, 'Thường', 'Trống'),
('P008_36', 'P008', 'D', 6, 'Thường', 'Trống'),
('P008_37', 'P008', 'D', 7, 'Thường', 'Trống'),
('P008_38', 'P008', 'D', 8, 'Thường', 'Trống'),
('P008_39', 'P008', 'D', 9, 'Thường', 'Trống'),
('P008_40', 'P008', 'D', 10, 'Thường', 'Trống'),
('P008_41', 'P008', 'E', 1, 'Đôi', 'Trống'),
('P008_42', 'P008', 'E', 2, 'Đôi', 'Trống'),
('P008_43', 'P008', 'E', 3, 'VIP', 'Trống'),
('P008_44', 'P008', 'E', 4, 'VIP', 'Trống'),
('P008_45', 'P008', 'E', 5, 'VIP', 'Trống'),
('P008_46', 'P008', 'E', 6, 'VIP', 'Trống'),
('P008_47', 'P008', 'E', 7, 'VIP', 'Trống'),
('P008_48', 'P008', 'E', 8, 'VIP', 'Trống'),
('P008_49', 'P008', 'E', 9, 'Đôi', 'Trống'),
('P008_50', 'P008', 'E', 10, 'Đôi', 'Trống'),
('P008_51', 'P008', 'F', 1, 'Đôi', 'Trống'),
('P008_52', 'P008', 'F', 2, 'Đôi', 'Trống'),
('P008_53', 'P008', 'F', 3, 'VIP', 'Trống'),
('P008_54', 'P008', 'F', 4, 'VIP', 'Trống'),
('P008_55', 'P008', 'F', 5, 'VIP', 'Trống'),
('P008_56', 'P008', 'F', 6, 'VIP', 'Trống'),
('P008_57', 'P008', 'F', 7, 'VIP', 'Trống'),
('P008_58', 'P008', 'F', 8, 'VIP', 'Trống'),
('P008_59', 'P008', 'F', 9, 'Đôi', 'Trống'),
('P008_60', 'P008', 'F', 10, 'Đôi', 'Trống'),
('P009_01', 'P009', 'A', 1, 'Thường', 'Trống'),
('P009_02', 'P009', 'A', 2, 'Thường', 'Trống'),
('P009_03', 'P009', 'A', 3, 'Thường', 'Trống'),
('P009_04', 'P009', 'A', 4, 'Thường', 'Trống'),
('P009_05', 'P009', 'A', 5, 'Thường', 'Trống'),
('P009_06', 'P009', 'A', 6, 'Thường', 'Trống'),
('P009_07', 'P009', 'A', 7, 'Thường', 'Trống'),
('P009_08', 'P009', 'A', 8, 'Thường', 'Trống'),
('P009_09', 'P009', 'B', 1, 'Thường', 'Trống'),
('P009_10', 'P009', 'B', 2, 'Thường', 'Trống'),
('P009_11', 'P009', 'B', 3, 'Thường', 'Trống'),
('P009_12', 'P009', 'B', 4, 'Thường', 'Trống'),
('P009_13', 'P009', 'B', 5, 'Thường', 'Trống'),
('P009_14', 'P009', 'B', 6, 'Thường', 'Trống'),
('P009_15', 'P009', 'B', 7, 'Thường', 'Trống'),
('P009_16', 'P009', 'B', 8, 'Thường', 'Trống'),
('P009_17', 'P009', 'C', 1, 'Thường', 'Trống'),
('P009_18', 'P009', 'C', 2, 'Thường', 'Trống'),
('P009_19', 'P009', 'C', 3, 'Thường', 'Trống'),
('P009_20', 'P009', 'C', 4, 'Thường', 'Trống'),
('P009_21', 'P009', 'C', 5, 'Thường', 'Trống'),
('P009_22', 'P009', 'C', 6, 'Thường', 'Trống'),
('P009_23', 'P009', 'C', 7, 'Thường', 'Trống'),
('P009_24', 'P009', 'C', 8, 'Thường', 'Trống'),
('P009_25', 'P009', 'D', 1, 'Thường', 'Trống'),
('P009_26', 'P009', 'D', 2, 'Thường', 'Trống'),
('P009_27', 'P009', 'D', 3, 'VIP', 'Trống'),
('P009_28', 'P009', 'D', 4, 'VIP', 'Trống'),
('P009_29', 'P009', 'D', 5, 'VIP', 'Trống'),
('P009_30', 'P009', 'D', 6, 'VIP', 'Trống'),
('P009_31', 'P009', 'D', 7, 'VIP', 'Trống'),
('P009_32', 'P009', 'D', 8, 'VIP', 'Trống'),
('P009_33', 'P009', 'E', 1, 'Thường', 'Trống'),
('P009_34', 'P009', 'E', 2, 'Thường', 'Trống'),
('P009_35', 'P009', 'E', 3, 'VIP', 'Trống'),
('P009_36', 'P009', 'E', 4, 'VIP', 'Trống'),
('P009_37', 'P009', 'E', 5, 'VIP', 'Trống'),
('P009_38', 'P009', 'E', 6, 'VIP', 'Trống'),
('P009_39', 'P009', 'E', 7, 'VIP', 'Trống'),
('P009_40', 'P009', 'E', 8, 'VIP', 'Trống'),
('P010_01', 'P010', 'A', 1, 'Thường', 'Trống'),
('P010_02', 'P010', 'A', 2, 'Thường', 'Trống'),
('P010_03', 'P010', 'A', 3, 'Thường', 'Trống'),
('P010_04', 'P010', 'A', 4, 'Thường', 'Trống'),
('P010_05', 'P010', 'A', 5, 'Thường', 'Trống'),
('P010_06', 'P010', 'A', 6, 'Thường', 'Trống'),
('P010_07', 'P010', 'A', 7, 'Thường', 'Trống'),
('P010_08', 'P010', 'A', 8, 'Thường', 'Trống'),
('P010_09', 'P010', 'A', 9, 'Thường', 'Trống'),
('P010_10', 'P010', 'A', 10, 'Thường', 'Trống'),
('P010_11', 'P010', 'B', 1, 'Thường', 'Trống'),
('P010_12', 'P010', 'B', 2, 'Thường', 'Trống'),
('P010_13', 'P010', 'B', 3, 'Thường', 'Trống'),
('P010_14', 'P010', 'B', 4, 'Thường', 'Trống'),
('P010_15', 'P010', 'B', 5, 'Thường', 'Trống'),
('P010_16', 'P010', 'B', 6, 'Thường', 'Trống'),
('P010_17', 'P010', 'B', 7, 'Thường', 'Trống'),
('P010_18', 'P010', 'B', 8, 'Thường', 'Trống'),
('P010_19', 'P010', 'B', 9, 'Thường', 'Trống'),
('P010_20', 'P010', 'B', 10, 'Thường', 'Trống'),
('P010_21', 'P010', 'C', 1, 'Thường', 'Trống'),
('P010_22', 'P010', 'C', 2, 'Thường', 'Trống'),
('P010_23', 'P010', 'C', 3, 'Thường', 'Trống'),
('P010_24', 'P010', 'C', 4, 'Thường', 'Trống'),
('P010_25', 'P010', 'C', 5, 'Thường', 'Trống'),
('P010_26', 'P010', 'C', 6, 'Thường', 'Trống'),
('P010_27', 'P010', 'C', 7, 'Thường', 'Trống'),
('P010_28', 'P010', 'C', 8, 'Thường', 'Trống'),
('P010_29', 'P010', 'C', 9, 'Thường', 'Trống'),
('P010_30', 'P010', 'C', 10, 'Thường', 'Trống'),
('P010_31', 'P010', 'D', 1, 'Thường', 'Trống'),
('P010_32', 'P010', 'D', 2, 'Thường', 'Trống'),
('P010_33', 'P010', 'D', 3, 'Thường', 'Trống'),
('P010_34', 'P010', 'D', 4, 'Thường', 'Trống'),
('P010_35', 'P010', 'D', 5, 'Thường', 'Trống'),
('P010_36', 'P010', 'D', 6, 'Thường', 'Trống'),
('P010_37', 'P010', 'D', 7, 'Thường', 'Trống'),
('P010_38', 'P010', 'D', 8, 'Thường', 'Trống'),
('P010_39', 'P010', 'D', 9, 'Thường', 'Trống'),
('P010_40', 'P010', 'D', 10, 'Thường', 'Trống'),
('P010_41', 'P010', 'E', 1, 'Đôi', 'Trống'),
('P010_42', 'P010', 'E', 2, 'Đôi', 'Trống'),
('P010_43', 'P010', 'E', 3, 'VIP', 'Trống'),
('P010_44', 'P010', 'E', 4, 'VIP', 'Trống'),
('P010_45', 'P010', 'E', 5, 'VIP', 'Trống'),
('P010_46', 'P010', 'E', 6, 'VIP', 'Trống'),
('P010_47', 'P010', 'E', 7, 'VIP', 'Trống'),
('P010_48', 'P010', 'E', 8, 'VIP', 'Trống'),
('P010_49', 'P010', 'E', 9, 'Đôi', 'Trống'),
('P010_50', 'P010', 'E', 10, 'Đôi', 'Trống'),
('P010_51', 'P010', 'F', 1, 'Đôi', 'Trống'),
('P010_52', 'P010', 'F', 2, 'Đôi', 'Trống'),
('P010_53', 'P010', 'F', 3, 'VIP', 'Trống'),
('P010_54', 'P010', 'F', 4, 'VIP', 'Trống'),
('P010_55', 'P010', 'F', 5, 'VIP', 'Trống'),
('P010_56', 'P010', 'F', 6, 'VIP', 'Trống'),
('P010_57', 'P010', 'F', 7, 'VIP', 'Trống'),
('P010_58', 'P010', 'F', 8, 'VIP', 'Trống'),
('P010_59', 'P010', 'F', 9, 'Đôi', 'Trống'),
('P010_60', 'P010', 'F', 10, 'Đôi', 'Trống');

-- --------------------------------------------------------

--
-- Table structure for table HoaDon
--

CREATE TABLE HoaDon (
  MaHD VARCHAR(10) COLLATE utf8mb4_unicode_ci NOT NULL,
  MaND VARCHAR(255) COLLATE utf8mb4_unicode_ci NOT NULL,
  NgayLap DATETIME DEFAULT CURRENT_TIMESTAMP,
  TongTien DECIMAL(18,0) DEFAULT NULL
) ENGINE=InnoDB DEFAULT CharSET=utf8mb4 COLLATE=utf8mb4_unicode_ci;

--
-- Dumping data for table HoaDon
--

INSERT INTO HoaDon (MaHD, MaND, NgayLap, TongTien) VALUES
('HD0001', 'ND008', '2025-12-04 08:31:00', 150000),
('HD0002', 'ND004', '2025-10-18 12:33:00', 1015000),
('HD0003', 'ND007', '2025-11-15 21:18:00', 850000),
('HD0004', 'ND007', '2025-11-25 17:36:00', 985000),
('HD0005', 'ND009', '2025-10-22 15:10:00', 245000),
('HD0006', 'ND005', '2025-11-07 18:43:00', 130000),
('HD0007', 'ND002', '2025-12-08 10:01:00', 1260000),
('HD0008', 'ND001', '2025-11-22 15:09:00', 300000),
('HD0009', 'ND001', '2025-11-22 06:28:00', 250000),
('HD0010', 'ND002', '2025-10-15 12:31:00', 770000),
('HD0011', 'ND007', '2025-11-08 15:34:00', 370000),
('HD0012', 'ND010', '2025-11-05 17:20:00', 565000),
('HD0013', 'ND008', '2025-11-28 19:18:00', 175000),
('HD0014', 'ND008', '2025-10-30 20:34:00', 130000),
('HD0015', 'ND009', '2025-12-06 15:47:00', 290000),
('HD0016', 'ND001', '2025-12-18 16:44:00', 690000),
('HD0017', 'ND009', '2025-10-05 10:10:00', 335000),
('HD0018', 'ND009', '2025-10-01 07:33:00', 950000),
('HD0019', 'ND008', '2025-10-29 07:29:00', 300000),
('HD0020', 'ND005', '2025-11-10 17:15:00', 145000),
('HD0021', 'ND007', '2025-10-17 16:37:00', 145000),
('HD0022', 'ND009', '2025-11-13 15:30:00', 305000),
('HD0023', 'ND010', '2025-11-23 20:48:00', 200000),
('HD0024', 'ND010', '2025-12-04 14:24:00', 580000),
('HD0025', 'ND002', '2025-11-05 06:02:00', 250000),
('HD0026', 'ND007', '2025-10-05 17:21:00', 870000),
('HD0027', 'ND005', '2025-10-28 21:03:00', 600000),
('HD0028', 'ND007', '2025-12-22 14:47:00', 225000),
('HD0029', 'ND007', '2025-12-22 19:38:00', 920000),
('HD0030', 'ND003', '2025-12-29 21:48:00', 105000),
('HD0031', 'ND009', '2025-11-13 12:38:00', 1680000),
('HD0032', 'ND007', '2025-12-16 21:22:00', 890000),
('HD0033', 'ND009', '2025-11-01 09:56:00', 145000),
('HD0034', 'ND007', '2025-11-11 14:20:00', 250000),
('HD0035', 'ND010', '2025-10-09 13:55:00', 200000),
('HD0036', 'ND003', '2025-12-06 07:09:00', 600000),
('HD0037', 'ND009', '2025-11-10 13:55:00', 120000),
('HD0038', 'ND009', '2025-11-09 12:42:00', 820000),
('HD0039', 'ND004', '2025-12-14 14:05:00', 790000),
('HD0040', 'ND001', '2025-11-11 09:52:00', 300000),
('HD0041', 'ND002', '2025-10-17 08:12:00', 205000),
('HD0042', 'ND007', '2025-12-09 16:02:00', 250000),
('HD0043', 'ND005', '2025-10-26 06:28:00', 280000),
('HD0044', 'ND008', '2025-11-12 11:16:00', 375000),
('HD0045', 'ND007', '2025-10-13 09:48:00', 535000),
('HD0046', 'ND008', '2025-11-20 07:55:00', 300000),
('HD0047', 'ND010', '2025-10-19 11:57:00', 580000),
('HD0048', 'ND005', '2025-10-19 07:45:00', 150000),
('HD0049', 'ND009', '2025-10-14 18:37:00', 565000),
('HD0050', 'ND008', '2025-11-26 13:26:00', 1395000),
('HD0051', 'ND009', '2025-10-16 08:12:00', 460000),
('HD0052', 'ND002', '2025-10-16 15:20:00', 1020000),
('HD0053', 'ND002', '2025-12-26 08:55:00', 200000),
('HD0054', 'ND004', '2025-10-18 13:51:00', 485000),
('HD0055', 'ND009', '2025-11-13 19:40:00', 810000),
('HD0056', 'ND003', '2025-11-21 18:08:00', 810000),
('HD0057', 'ND007', '2025-11-11 11:23:00', 205000),
('HD0058', 'ND001', '2025-11-20 16:28:00', 530000),
('HD0059', 'ND005', '2025-12-03 13:09:00', 1015000),
('HD0060', 'ND001', '2025-11-05 14:26:00', 355000),
('HD0061', 'ND010', '2025-11-21 16:31:00', 770000),
('HD0062', 'ND003', '2025-10-26 15:11:00', 435000),
('HD0063', 'ND009', '2025-10-26 15:04:00', 415000),
('HD0064', 'ND007', '2025-11-28 14:42:00', 1645000),
('HD0065', 'ND003', '2025-12-20 15:19:00', 565000),
('HD0066', 'ND010', '2025-12-29 12:58:00', 490000),
('HD0067', 'ND004', '2025-10-05 19:01:00', 1145000),
('HD0068', 'ND010', '2025-11-19 14:06:00', 430000),
('HD0069', 'ND002', '2025-11-03 21:52:00', 890000),
('HD0070', 'ND008', '2025-11-24 12:16:00', 695000),
('HD0071', 'ND001', '2025-10-22 09:25:00', 255000),
('HD0072', 'ND007', '2025-10-07 12:41:00', 760000),
('HD0073', 'ND003', '2025-10-31 11:52:00', 310000),
('HD0074', 'ND008', '2025-11-10 16:50:00', 375000),
('HD0075', 'ND009', '2025-12-30 08:41:00', 435000),
('HD0076', 'ND009', '2025-12-08 19:56:00', 75000),
('HD0077', 'ND010', '2025-10-08 20:24:00', 75000),
('HD0078', 'ND007', '2025-10-14 11:08:00', 485000),
('HD0079', 'ND002', '2025-11-20 09:31:00', 505000),
('HD0080', 'ND008', '2025-10-09 18:42:00', 145000),
('HD0081', 'ND010', '2025-12-20 10:42:00', 540000),
('HD0082', 'ND001', '2025-10-10 11:17:00', 550000),
('HD0083', 'ND004', '2025-11-21 07:37:00', 955000),
('HD0084', 'ND008', '2025-12-16 12:25:00', 590000),
('HD0085', 'ND001', '2025-10-30 08:45:00', 360000),
('HD0086', 'ND003', '2025-12-19 11:02:00', 175000),
('HD0087', 'ND010', '2025-11-26 06:21:00', 970000),
('HD0088', 'ND002', '2025-11-28 14:51:00', 565000),
('HD0089', 'ND002', '2025-11-25 08:03:00', 375000),
('HD0090', 'ND003', '2025-10-17 19:41:00', 255000),
('HD0091', 'ND001', '2025-11-07 17:25:00', 430000),
('HD0092', 'ND003', '2025-12-11 08:16:00', 340000),
('HD0093', 'ND010', '2025-10-14 06:49:00', 850000),
('HD0094', 'ND007', '2025-12-26 13:24:00', 1045000),
('HD0095', 'ND002', '2025-12-08 10:06:00', 580000),
('HD0096', 'ND009', '2025-12-25 06:12:00', 145000),
('HD0097', 'ND003', '2025-10-29 12:56:00', 310000),
('HD0098', 'ND008', '2025-10-30 07:38:00', 515000),
('HD0099', 'ND002', '2025-12-25 08:50:00', 180000),
('HD0100', 'ND008', '2025-12-11 21:26:00', 180000);

-- --------------------------------------------------------

--
-- Table structure for table NguoiDung
--

CREATE TABLE NguoiDung (
  MaND VARCHAR(255) COLLATE utf8mb4_unicode_ci NOT NULL,
  TenDN VARCHAR(255) COLLATE utf8mb4_unicode_ci NOT NULL,
  HoTen VARCHAR(100) COLLATE utf8mb4_unicode_ci NOT NULL,
  SoDT INT DEFAULT NULL,
  ThanhPho VARCHAR(100) COLLATE utf8mb4_unicode_ci DEFAULT NULL,
  NgaySinh DATE DEFAULT NULL,
  Avatar LONGBLOB,
  Email VARCHAR(100) COLLATE utf8mb4_unicode_ci NOT NULL,
  MatKhau VARCHAR(20) COLLATE utf8mb4_unicode_ci NOT NULL,
  QuyenHan ENUM('Quản trị viên','Khách hàng') COLLATE utf8mb4_unicode_ci DEFAULT 'Khách hàng',
  NgayTao DATETIME DEFAULT CURRENT_TIMESTAMP
) ENGINE=InnoDB DEFAULT CharSET=utf8mb4 COLLATE=utf8mb4_unicode_ci;

--
-- Dumping data for table NguoiDung
--

INSERT INTO NguoiDung (MaND, TenDN, HoTen, SoDT, ThanhPho, NgaySinh, Avatar, Email, MatKhau, QuyenHan, NgayTao) VALUES
('ND001', 'anhdao01', 'Nguyễn Thị Anh Đào', 123456789, 'Đà Nẵng', '2005-05-08', NULL, 'anhdao01@gmail.com', 'matkhau123', 'Khách hàng', '2025-12-17 10:00:53'),
('ND002', 'hoangminh02', 'Hoàng Minh Trí', 456378485, 'Huế', '2000-09-13', NULL, 'hoangminh02@gmail.com', '123456789', 'Khách hàng', '2025-12-17 10:00:53'),
('ND003', 'kimanh03', 'Lê Kim Ánh', 457836547, 'Huế', '1996-02-08', NULL, 'kimanh03@gmail.com', 'mk123456', 'Khách hàng', '2025-12-17 10:00:53'),
('ND004', 'quanghuy04', 'Phạm Quang Huy', 126387789, 'Huế', '2004-05-20', NULL, 'quanghuy04@gmail.com', 'password1', 'Khách hàng', '2025-12-17 10:00:53'),
('ND005', 'thanhha05', 'Võ Thanh Hà', 12343364, 'Đà Nẵng', '1989-12-07', NULL, 'thanhha05@gmail.com', 'abcd1234', 'Khách hàng', '2025-12-17 10:00:53'),
('ND006', 'admin01', 'Nguyễn Văn Nam', 55678432, 'Đà Nẵng', '2002-08-01', NULL, 'admin01@gmail.com', 'adminadmin', 'Quản trị viên', '2025-12-17 10:00:53'),
('ND007', 'minhthu07', 'Đỗ Minh Thư', 745968953, 'Hà Nội', '2003-07-07', NULL, 'minhthu07@gmail.com', 'thu12345', 'Khách hàng', '2025-12-17 10:00:53'),
('ND008', 'tuananh08', 'Bùi Tuấn Anh', 886426546, 'Vũng Tàu', '1998-11-04', NULL, 'tuananh08@gmail.com', 'tuananh08', 'Khách hàng', '2025-12-17 10:00:53'),
('ND009', 'giahan09', 'Vũ Gia Hân', 752753987, 'Hải Phòng', '2006-05-29', NULL, 'giahan09@gmail.com', 'giahan09', 'Khách hàng', '2025-12-17 10:00:53'),
('ND010', 'quynhchi10', 'Ngô Quỳnh Chi', NULL, 'Đà Nẵng', '2001-05-18', NULL, 'quynhchi10@gmail.com', 'chi123456', 'Khách hàng', '2025-12-17 10:00:53');

-- --------------------------------------------------------

--
-- Table structure for table Phim
--

CREATE TABLE Phim (
  MaPhim VARCHAR(10) COLLATE utf8mb4_unicode_ci NOT NULL,
  TenPhim VARCHAR(200) COLLATE utf8mb4_unicode_ci NOT NULL,
  MoTa TEXT COLLATE utf8mb4_unicode_ci NOT NULL,
  GioiHanTuoi VARCHAR(10) COLLATE utf8mb4_unicode_ci DEFAULT NULL,
  DinhDang VARCHAR(10) COLLATE utf8mb4_unicode_ci DEFAULT NULL,
  DaoDien VARCHAR(100) COLLATE utf8mb4_unicode_ci DEFAULT NULL,
  DienVien VARCHAR(255) COLLATE utf8mb4_unicode_ci DEFAULT NULL,
  TheLoai VARCHAR(100) COLLATE utf8mb4_unicode_ci NOT NULL,
  NgayKhoiChieu DATE DEFAULT NULL,
  NgonNgu VARCHAR(50) COLLATE utf8mb4_unicode_ci DEFAULT NULL,
  Poster VARCHAR(255) COLLATE utf8mb4_unicode_ci NOT NULL,
  Banner VARCHAR(255) COLLATE utf8mb4_unicode_ci NOT NULL,
  Trailer VARCHAR(255) COLLATE utf8mb4_unicode_ci DEFAULT NULL,
  TrangThai ENUM('Phim đang chiếu','Phim sắp chiếu','Phim đã chiếu') COLLATE utf8mb4_unicode_ci DEFAULT 'Phim đang chiếu',
  ThoiLuong INT DEFAULT NULL
) ENGINE=InnoDB DEFAULT CharSET=utf8mb4 COLLATE=utf8mb4_unicode_ci;

--
-- Dumping data for table Phim
--

INSERT INTO Phim (MaPhim, TenPhim, MoTa, GioiHanTuoi, DinhDang, DaoDien, DienVien, TheLoai, NgayKhoiChieu, NgonNgu, Poster, Banner, Trailer, TrangThai, ThoiLuong) VALUES
('PH001', 'CHỊ NGÃ EM NÂNG', 'Thương và Lực lớn lên trong gia đình làm nhang. Sau mất mát, Thương vừa làm chị vừa thay cha mẹ, nuôi hy vọng đổi đời. Nhưng kỳ vọng biến thành áp đặt, đẩy hai chị em vào mâu thuẫn sinh tử.', 'T13', '2D', 'Vũ Thành Vinh', 'Lê Khánh, Hoài Linh, Thuận Nguyễn', 'Drama', '2025-10-03', 'Phụ đề', 'images/poster1.jpg', 'images/banner1.jpg', 'https://youtu.be/U3qQZcKsl-o', 'Phim đã chiếu', 118),
('PH002', 'TỬ CHIẾN TRÊN KHÔNG', 'Lấy cảm hứng từ vụ cướp máy bay có thật ở Việt Nam, Phim điện ảnh Tử Chiến Trên Không sẽ ra rạp tháng 09 này, với sự tham gia chính của Thái Hoà và Kaity Nguyễn.', 'T16', '2D', 'Lê Nhật Quang', ' Thái Hòa, Kaity Nguyễn', 'Drama', '2025-09-19', 'Phụ đề', 'images/poster2.jpg', 'images/banner2.jpg', 'https://youtu.be/CzPs7y9lTzM', 'Phim đã chiếu', 118),
('PH003', 'AVATAR 2: DÒNG CHẢY CỦA NƯỚC – RERUN', 'Jake Sully sống cùng gia đình mới trên mặt trăng Pandora. Khi mối đe dọa quen thuộc quay trở lại Jake buộc phải hợp sức với Neytiri và đội quân tộc Na’vi để bảo vệ ngôi nhà của họ.', 'T13', '3D', 'James Cameron', 'Sam Worthington, Zoe Saldana', 'Action', '2025-10-03', 'Phụ đề', 'images/poster3.jpg', 'images/banner3.jpg', 'https://youtu.be/Ru4Jbmh7bcQ?si=xJUIJ-JtWEjtnLeQ', 'Phim đã chiếu', 197),
('PH004', 'TAY ANH GIỮ MỘT VÌ SAO', 'Mắc kẹt ở Việt Nam vì mất hộ chiếu và không xu dính túi, Kang Jun Woo tình cờ gặp Thảo – cô phục vụ quán cà phê, và từ những tình huống éo le, họ dần tìm thấy tình yêu.', 'K', '2D', 'Kim Sung-hoon', 'Lee Kwang-Soo, Hoàng Hà', 'Comedy', '2025-10-03', 'Phụ đề', 'images/poster4.jpg', 'images/banner4.jpg', 'https://youtu.be/Fw-vjzRuhgU', 'Phim đã chiếu', 117),
('PH005', 'TEE YOD: QUỶ ĂN TẠNG 3', 'Khi em út Yee bị một giáo phái bí ẩn bắt cóc, Yak và nhóm bạn liều lĩnh bước vào ngôi làng bị nguyền rủa. Những oán linh, nghi lễ cổ xưa và bí mật đen tối dần trỗi dậy, biến hành trình giải cứu thành cơn ác mộng sinh tử.', 'T16', '2D', 'Narit Yuvaboon', 'Denise Jelilcha Kappun, Nadech Kugimiya', 'Horror', '2025-10-10', 'Phụ đề', 'images/poster5.jpg', 'images/banner5.jpg', 'https://youtu.be/in_OZ6Vo9TU', 'Phim đã chiếu', 104),
('PH006', 'GIANTS OF LA MANCHA: ĐẠI CHIẾN XỨ SỞ CỐI XAY GIÓ', 'Cậu bé Alfonso 11 tuổi, hậu duệ của Don Quixote, cùng ba chú thỏ tưởng tượng biết hát và hai người bạn Pancho, Victoria dấn thân vào hành trình phiêu lưu, quyết tâm cứu ngôi làng La Mancha khỏi cơn bão dữ.', 'P', '2D', 'Gonzalo Gutierrez', 'Karol Sevilla, Carla Peterson', 'Animation', '2025-09-19', 'Lồng tiếng', 'images/poster6.png', 'images/banner6.png', 'https://youtu.be/YQ_vBUMLxJA', 'Phim đã chiếu', 87),
('PH007', 'TRON ARES: TRÒ CHƠI ẢO GIÁC', '“Trò Chơi Ảo Giác: Ares” theo chân Ares – một thực thể ảo cực kỳ tinh vi được cử từ thế giới số đến thế giới thực trong một nhiệm vụ nguy hiểm, đánh dấu cuộc chạm trán đầu tiên giữa loài người và những thực thể trí tuệ nhân tạo.', 'T13', '2D/3D', 'Joachim Rønning', 'Jared Leto, Evan Peters', 'Action', '2025-10-10', 'Phụ đề', 'images/poster7.jpg', 'images/banner7.jpg', 'https://youtu.be/Jqh3eDiINj8', 'Phim đã chiếu', 118),
('PH008', 'THE CONJURING: NGHI LỄ CUỐI CÙNG', 'Các nhà điều tra hiện tượng siêu nhiên Ed và Lorraine Warren nhận một vụ án rùng rợn cuối cùng liên quan đến những thực thể bí ẩn mà họ phải đối mặt.', 'T16', '2D', 'Michael ChaVes', 'Vera Farmiga, Patrick Wilson', 'Horror', '2025-09-12', 'Phụ đề', 'images/poster8.jpg', 'images/banner8.jpg', 'https://youtu.be/GeoUEjulMTk', 'Phim đã chiếu', 136),
('PH009', 'THE RUNNING MAN: TRỐN CHẠY TỬ THẦN', 'Một người đàn ông bước vào một trò chơi truyền hình sinh tử, nơi các thí sinh được tự do di chuyển khắp thế giới nhưng luôn phải sống trong nỗi ám ảnh bị săn đuổi bởi những “thợ săn” chuyên nghiệp được thuê để giết họ.', 'T18', '2D', 'Edgar Wright', 'Josh Brolin, Glen Powell', 'Sci-fi', '2025-11-07', 'Phụ đề', 'images/poster9.jpg', 'images/banner9.jpg', 'https://youtu.be/JtabQmlifL8', 'Phim đang chiếu', 120),
('PH010', 'FIVe NIGHTS AT FREDDY\'S: NĂM ĐÊM KINH HOÀNG 2', 'Năm 1987, sau một cuộc đời đầy biến động, Jeremy Fitzgerald tìm được công việc bảo vệ tại tiệm Freddy\'s Fazbear Pizzeria mới. Nhưng khi bước chân vào nơi đó, anh sớm nhận ra rằng mọi thứ không hề đơn giản như vẻ bề ngoài.', 'T16', '2D', 'Emma Tammi', 'Josh Hutcherson, Mckenna Grace', 'Horror', '2025-12-05', 'Phụ đề', 'images/poster10.jpg', 'images/banner10.jpg', 'https://youtu.be/WFTjzu_JwWM', 'Phim đang chiếu', 120),
('PH011', 'THE SPONGEBOB MOVIE: LỜI NGUYỀN HẢI TẶC', 'SpongeBob lên đường xuống đáy đại dương để đối mặt với hồn ma Thuyền Trưởng Hà Lan Bay, trải qua những thử thách cam go và khám phá những bí ẩn kỳ lạ của biển cả.', 'P', '2D', 'Derek Drymon', 'Mark Hamill, Regina Hall', 'Animation', '2025-12-26', 'Lồng tiếng', 'images/poster11.jpg', 'images/banner11.jpg', 'https://youtu.be/HRNKRZv0AvU', 'Phim sắp chiếu', 120),
('PH012', 'TRÁI TIM QUÈ QUẶT', 'Thị trấn yên bình chấn động bởi án mạng dã man. Mọi nghi ngờ dồn vào Sơn — em trai nhà điêu khắc Triết, có thể là tình nhân của nạn nhân. Giữa tình thân và sự thật, Triết cùng vợ tìm cách minh oan cho em trai.', 'K', '2D', 'Sang-ho Yeon', 'Kwon Hae-hyo, Shin Hyun-been', 'Drama', '2025-11-07', 'Phụ đề', 'images/poster12.jpg', 'images/banner12.jpg', 'https://youtu.be/Dewdcwn3oyU', 'Phim đang chiếu', 120),
('PH013', 'CỤC VÀNG CỦA NGOẠI', 'Câu chuyện ấm áp về tình bà cháu trong một xóm nhỏ nghĩa tình. Bà Hậu – người phụ nữ cả đời tần tảo – trở thành chỗ dựa duy nhất của cháu khi con gái bỏ đi. Với bà, cháu là “cục vàng”, là niềm vui và lẽ sống.', 'T13', '2D', NULL, NULL, 'Drama', '2025-10-17', 'Phụ đề', 'images/poster13.jpg', 'images/banner13.jpg', 'https://youtu.be/BrCXRyAkwEw', 'Phim đang chiếu', 119),
('PH014', 'NHÀ HAI CHỦ', 'Một gia đình nhỏ vì không đủ điều kiện đã phải mua một căn nhà mà người dân xung quanh đồn đoán rằng có nhiều điều tâm linh kỳ lạ. Liệu họ sẽ đối mặt với ngôi nhà nhiều chủ sẽ như thế nào?', NULL, '2D', NULL, NULL, 'Horror', '2025-12-26', 'Phụ đề/ Lồng tiếng', 'images/poster14.jpg', 'images/banner14.jpg', 'https://youtu.be/ZQ4GFfSIamw?si=LN-0BF2IAjsSqPna', 'Phim sắp chiếu', 120),
('PH015', 'AVATAR: LỬA VÀ TRO TÀN', 'Gia đình Jake và Neytiri vật lộn với nỗi mất mát sau cái chết của Neteyam và chạm trán tộc Na’vi mới đầy hung hãn — tộc Tro Tàn do Varang lãnh đạo — khi xung đột trên Pandora tiếp tục leo thang.', NULL, '3D', 'James Cameron', 'Stephen Lang, Kate Winslet, Zoe Saldana', 'Sci-fi', '2025-12-19', NULL, 'images/poster15.jpg', 'images/banner15.jpg', 'https://youtu.be/ut2qzgmdDD8', 'Phim sắp chiếu', 197),
('PH016', 'THIÊN ĐƯỜNG MÁU', 'Thiên Đường Máu kể về nạn lừa đảo đưa người Việt ra nước ngoài, nơi nhiều thanh niên bị giam lỏng và ép lừa chính đồng bào mình, rồi tìm cách trốn khỏi “địa ngục” đó.', NULL, NULL, 'Hoang Tuan Cuong', 'Hoài Lâm, Quách Ngọc Ngoan, Quang Tuấn', 'Action', '2025-12-31', NULL, 'images/poster16.jpg', 'images/banner16.jpg', 'https://youtu.be/Pyi2bXCrEMQ', 'Phim sắp chiếu', 120),
('PH017', 'PROJECT HAIL MARY: THOÁT KHỎI TẬN THẾ', 'Một phi hành gia đơn độc ngoài không gian cố gắng cứu Trái Đất.', NULL, NULL, 'Phil Lord', 'Ryan Gosling', 'Sci-fi', '2026-03-20', NULL, 'images/poster17.jpg', 'images/banner17.jpg', 'https://youtu.be/sg3n1ALs8F4', 'Phim sắp chiếu', 120);

-- --------------------------------------------------------

--
-- Table structure for table PhongChieu
--

CREATE TABLE PhongChieu (
  MaPhong VARCHAR(10) COLLATE utf8mb4_unicode_ci NOT NULL,
  TenPhong VARCHAR(50) COLLATE utf8mb4_unicode_ci DEFAULT NULL,
  LoaiPhong VARCHAR(50) COLLATE utf8mb4_unicode_ci DEFAULT NULL,
  SoLuongGhe INT DEFAULT NULL
) ENGINE=InnoDB DEFAULT CharSET=utf8mb4 COLLATE=utf8mb4_unicode_ci;

--
-- Dumping data for table PhongChieu
--

INSERT INTO PhongChieu (MaPhong, TenPhong, LoaiPhong, SoLuongGhe) VALUES
('P001', 'Phòng 1', '2D', 60),
('P002', 'Phòng 2', '3D', 50),
('P003', 'Phòng 3', '2D', 60),
('P004', 'Phòng 4', 'IMAX', 80),
('P005', 'Phòng 5', '4DX', 90),
('P006', 'Phòng 6', '2D', 60),
('P007', 'Phòng 7', '3D', 50),
('P008', 'Phòng 8', '2D', 60),
('P009', 'Phòng 9', '3D', 40),
('P010', 'Phòng 10', '2D', 60);

-- --------------------------------------------------------

--
-- Table structure for table QuangCao
--

CREATE TABLE QuangCao (
  MaQC VARCHAR(10) COLLATE utf8mb4_unicode_ci NOT NULL,
  TenQC VARCHAR(200) COLLATE utf8mb4_unicode_ci NOT NULL,
  Banner VARCHAR(255) COLLATE utf8mb4_unicode_ci NOT NULL,
  Link VARCHAR(255) COLLATE utf8mb4_unicode_ci DEFAULT NULL
) ENGINE=InnoDB DEFAULT CharSET=utf8mb4 COLLATE=utf8mb4_unicode_ci;

--
-- Dumping data for table QuangCao
--

INSERT INTO QuangCao (MaQC, TenQC, Banner, Link) VALUES
('QC001', 'TỬ CHIẾN TRÊN KHÔNG', 'images/banner2.jpg', NULL),
('QC002', 'TAY ANH GIỮ MỘT VÌ SAO', 'images/banner4.jpg', NULL),
('QC003', 'TRÁI TIM QUÈ QUẶT', 'images/banner12.jpg', NULL),
('QC004', 'THE CONJURING: NGHI LỄ CUỐI CÙNG', 'images/banner8.jpg', NULL);

-- --------------------------------------------------------

--
-- Table structure for table SuatChieu
--

CREATE TABLE SuatChieu (
  MaSuat VARCHAR(10) COLLATE utf8mb4_unicode_ci NOT NULL,
  MaPhim VARCHAR(10) COLLATE utf8mb4_unicode_ci NOT NULL,
  MaPhong VARCHAR(10) COLLATE utf8mb4_unicode_ci NOT NULL,
  NgayChieu DATE DEFAULT NULL,
  GioBatDau TIME DEFAULT NULL,
  GioKetThuc TIME DEFAULT NULL
) ENGINE=InnoDB DEFAULT CharSET=utf8mb4 COLLATE=utf8mb4_unicode_ci;

--
-- Dumping data for table SuatChieu
--

INSERT INTO SuatChieu (MaSuat, MaPhim, MaPhong, NgayChieu, GioBatDau, GioKetThuc) VALUES
('SUAT0001', 'PH013', 'P006', '2025-10-18', '14:00:00', '15:59:00'),
('SUAT0002', 'PH013', 'P006', '2025-10-19', '09:00:00', '10:59:00'),
('SUAT0003', 'PH013', 'P010', '2025-10-22', '14:00:00', '15:59:00'),
('SUAT0004', 'PH013', 'P010', '2025-10-23', '09:00:00', '10:59:00'),
('SUAT0005', 'PH013', 'P003', '2025-10-25', '19:00:00', '20:59:00'),
('SUAT0006', 'PH013', 'P003', '2025-10-26', '14:00:00', '15:59:00'),
('SUAT0007', 'PH013', 'P003', '2025-10-27', '09:00:00', '10:59:00'),
('SUAT0008', 'PH013', 'P008', '2025-10-30', '14:00:00', '15:59:00'),
('SUAT0009', 'PH013', 'P008', '2025-10-31', '09:00:00', '10:59:00'),
('SUAT0010', 'PH013', 'P001', '2025-11-02', '19:00:00', '20:59:00'),
('SUAT0011', 'PH013', 'P001', '2025-11-03', '14:00:00', '15:59:00'),
('SUAT0012', 'PH013', 'P001', '2025-11-04', '09:00:00', '10:59:00'),
('SUAT0013', 'PH013', 'P006', '2025-11-07', '14:00:00', '15:59:00'),
('SUAT0014', 'PH013', 'P006', '2025-11-08', '09:00:00', '10:59:00'),
('SUAT0015', 'PH013', 'P010', '2025-11-11', '14:00:00', '15:59:00'),
('SUAT0016', 'PH013', 'P010', '2025-11-12', '09:00:00', '10:59:00'),
('SUAT0017', 'PH013', 'P003', '2025-11-15', '14:00:00', '15:59:00'),
('SUAT0018', 'PH013', 'P003', '2025-11-16', '09:00:00', '10:59:00'),
('SUAT0019', 'PH013', 'P008', '2025-11-19', '14:00:00', '15:59:00'),
('SUAT0020', 'PH013', 'P008', '2025-11-20', '09:00:00', '10:59:00'),
('SUAT0021', 'PH013', 'P001', '2025-11-22', '19:00:00', '20:59:00'),
('SUAT0022', 'PH013', 'P001', '2025-11-23', '14:00:00', '15:59:00'),
('SUAT0023', 'PH013', 'P001', '2025-11-24', '09:00:00', '10:59:00'),
('SUAT0024', 'PH013', 'P006', '2025-11-27', '14:00:00', '15:59:00'),
('SUAT0025', 'PH013', 'P006', '2025-11-28', '09:00:00', '10:59:00'),
('SUAT0026', 'PH013', 'P010', '2025-11-30', '19:00:00', '20:59:00'),
('SUAT0027', 'PH013', 'P010', '2025-12-01', '14:00:00', '15:59:00'),
('SUAT0028', 'PH013', 'P010', '2025-12-02', '09:00:00', '10:59:00'),
('SUAT0029', 'PH013', 'P003', '2025-12-05', '14:00:00', '15:59:00'),
('SUAT0030', 'PH013', 'P003', '2025-12-06', '09:00:00', '10:59:00'),
('SUAT0031', 'PH013', 'P008', '2025-12-09', '14:00:00', '15:59:00'),
('SUAT0032', 'PH013', 'P008', '2025-12-10', '09:00:00', '10:59:00'),
('SUAT0033', 'PH013', 'P001', '2025-12-13', '14:00:00', '15:59:00'),
('SUAT0034', 'PH013', 'P001', '2025-12-14', '09:00:00', '10:59:00'),
('SUAT0035', 'PH009', 'P002', '2025-11-08', '14:00:00', '16:00:00'),
('SUAT0036', 'PH009', 'P002', '2025-11-09', '09:00:00', '11:00:00'),
('SUAT0037', 'PH009', 'P006', '2025-11-12', '14:00:00', '16:00:00'),
('SUAT0038', 'PH009', 'P006', '2025-11-13', '09:00:00', '11:00:00'),
('SUAT0039', 'PH009', 'P010', '2025-11-15', '19:00:00', '21:00:00'),
('SUAT0040', 'PH009', 'P010', '2025-11-16', '14:00:00', '16:00:00'),
('SUAT0041', 'PH009', 'P010', '2025-11-17', '09:00:00', '11:00:00'),
('SUAT0042', 'PH009', 'P004', '2025-11-20', '14:00:00', '16:00:00'),
('SUAT0043', 'PH009', 'P004', '2025-11-21', '09:00:00', '11:00:00'),
('SUAT0044', 'PH009', 'P008', '2025-11-23', '19:00:00', '21:00:00'),
('SUAT0045', 'PH009', 'P008', '2025-11-24', '14:00:00', '16:00:00'),
('SUAT0046', 'PH009', 'P008', '2025-11-25', '09:00:00', '11:00:00'),
('SUAT0047', 'PH009', 'P002', '2025-11-28', '14:00:00', '16:00:00'),
('SUAT0048', 'PH009', 'P002', '2025-11-29', '09:00:00', '11:00:00'),
('SUAT0049', 'PH009', 'P006', '2025-12-02', '14:00:00', '16:00:00'),
('SUAT0050', 'PH009', 'P006', '2025-12-03', '09:00:00', '11:00:00'),
('SUAT0051', 'PH009', 'P010', '2025-12-06', '14:00:00', '16:00:00'),
('SUAT0052', 'PH009', 'P010', '2025-12-07', '09:00:00', '11:00:00'),
('SUAT0053', 'PH009', 'P004', '2025-12-10', '14:00:00', '16:00:00'),
('SUAT0054', 'PH009', 'P004', '2025-12-11', '09:00:00', '11:00:00'),
('SUAT0055', 'PH009', 'P008', '2025-12-13', '19:00:00', '21:00:00'),
('SUAT0056', 'PH009', 'P008', '2025-12-14', '14:00:00', '16:00:00'),
('SUAT0057', 'PH009', 'P008', '2025-12-15', '09:00:00', '11:00:00'),
('SUAT0058', 'PH009', 'P002', '2025-12-18', '14:00:00', '16:00:00'),
('SUAT0059', 'PH009', 'P002', '2025-12-19', '09:00:00', '11:00:00'),
('SUAT0060', 'PH009', 'P006', '2025-12-21', '19:00:00', '21:00:00'),
('SUAT0061', 'PH009', 'P006', '2025-12-22', '14:00:00', '16:00:00'),
('SUAT0062', 'PH009', 'P006', '2025-12-23', '09:00:00', '11:00:00'),
('SUAT0063', 'PH009', 'P010', '2025-12-26', '14:00:00', '16:00:00'),
('SUAT0064', 'PH009', 'P010', '2025-12-27', '09:00:00', '11:00:00'),
('SUAT0065', 'PH009', 'P004', '2025-12-30', '14:00:00', '16:00:00'),
('SUAT0066', 'PH009', 'P004', '2025-12-31', '09:00:00', '11:00:00'),
('SUAT0067', 'PH009', 'P008', '2026-01-03', '14:00:00', '16:00:00'),
('SUAT0068', 'PH009', 'P008', '2026-01-04', '09:00:00', '11:00:00'),
('SUAT0069', 'PH012', 'P006', '2025-11-08', '19:00:00', '21:00:00'),
('SUAT0070', 'PH012', 'P006', '2025-11-09', '14:00:00', '16:00:00'),
('SUAT0071', 'PH012', 'P006', '2025-11-10', '09:00:00', '11:00:00'),
('SUAT0072', 'PH012', 'P010', '2025-11-13', '14:00:00', '16:00:00'),
('SUAT0073', 'PH012', 'P010', '2025-11-14', '09:00:00', '11:00:00'),
('SUAT0074', 'PH012', 'P004', '2025-11-16', '19:00:00', '21:00:00'),
('SUAT0075', 'PH012', 'P004', '2025-11-17', '14:00:00', '16:00:00'),
('SUAT0076', 'PH012', 'P004', '2025-11-18', '09:00:00', '11:00:00'),
('SUAT0077', 'PH012', 'P008', '2025-11-21', '14:00:00', '16:00:00'),
('SUAT0078', 'PH012', 'P008', '2025-11-22', '09:00:00', '11:00:00'),
('SUAT0079', 'PH012', 'P002', '2025-11-25', '14:00:00', '16:00:00'),
('SUAT0080', 'PH012', 'P002', '2025-11-26', '09:00:00', '11:00:00'),
('SUAT0081', 'PH012', 'P006', '2025-11-29', '14:00:00', '16:00:00'),
('SUAT0082', 'PH012', 'P006', '2025-11-30', '09:00:00', '11:00:00'),
('SUAT0083', 'PH012', 'P010', '2025-12-03', '14:00:00', '16:00:00'),
('SUAT0084', 'PH012', 'P010', '2025-12-04', '09:00:00', '11:00:00'),
('SUAT0085', 'PH012', 'P004', '2025-12-06', '19:00:00', '21:00:00'),
('SUAT0086', 'PH012', 'P004', '2025-12-07', '14:00:00', '16:00:00'),
('SUAT0087', 'PH012', 'P004', '2025-12-08', '09:00:00', '11:00:00'),
('SUAT0088', 'PH012', 'P008', '2025-12-11', '14:00:00', '16:00:00'),
('SUAT0089', 'PH012', 'P008', '2025-12-12', '09:00:00', '11:00:00'),
('SUAT0090', 'PH012', 'P002', '2025-12-14', '19:00:00', '21:00:00'),
('SUAT0091', 'PH012', 'P002', '2025-12-15', '14:00:00', '16:00:00'),
('SUAT0092', 'PH012', 'P002', '2025-12-16', '09:00:00', '11:00:00'),
('SUAT0093', 'PH012', 'P006', '2025-12-19', '14:00:00', '16:00:00'),
('SUAT0094', 'PH012', 'P006', '2025-12-20', '09:00:00', '11:00:00'),
('SUAT0095', 'PH012', 'P010', '2025-12-23', '14:00:00', '16:00:00'),
('SUAT0096', 'PH012', 'P010', '2025-12-24', '09:00:00', '11:00:00'),
('SUAT0097', 'PH012', 'P004', '2025-12-27', '14:00:00', '16:00:00'),
('SUAT0098', 'PH012', 'P004', '2025-12-28', '09:00:00', '11:00:00'),
('SUAT0099', 'PH012', 'P008', '2025-12-31', '14:00:00', '16:00:00'),
('SUAT0100', 'PH012', 'P008', '2026-01-01', '09:00:00', '11:00:00'),
('SUAT0101', 'PH012', 'P002', '2026-01-03', '19:00:00', '21:00:00'),
('SUAT0102', 'PH012', 'P002', '2026-01-04', '14:00:00', '16:00:00'),
('SUAT0103', 'PH012', 'P002', '2026-01-05', '09:00:00', '11:00:00'),
('SUAT0104', 'PH010', 'P002', '2025-12-05', '14:00:00', '16:00:00'),
('SUAT0105', 'PH010', 'P002', '2025-12-06', '09:00:00', '11:00:00'),
('SUAT0106', 'PH010', 'P006', '2025-12-09', '14:00:00', '16:00:00'),
('SUAT0107', 'PH010', 'P006', '2025-12-10', '09:00:00', '11:00:00'),
('SUAT0108', 'PH010', 'P010', '2025-12-13', '14:00:00', '16:00:00'),
('SUAT0109', 'PH010', 'P010', '2025-12-14', '09:00:00', '11:00:00'),
('SUAT0110', 'PH010', 'P004', '2025-12-17', '14:00:00', '16:00:00'),
('SUAT0111', 'PH010', 'P004', '2025-12-18', '09:00:00', '11:00:00'),
('SUAT0112', 'PH010', 'P008', '2025-12-20', '19:00:00', '21:00:00'),
('SUAT0113', 'PH010', 'P008', '2025-12-21', '14:00:00', '16:00:00'),
('SUAT0114', 'PH010', 'P008', '2025-12-22', '09:00:00', '11:00:00'),
('SUAT0115', 'PH010', 'P002', '2025-12-25', '14:00:00', '16:00:00'),
('SUAT0116', 'PH010', 'P002', '2025-12-26', '09:00:00', '11:00:00'),
('SUAT0117', 'PH010', 'P006', '2025-12-28', '19:00:00', '21:00:00'),
('SUAT0118', 'PH010', 'P006', '2025-12-29', '14:00:00', '16:00:00'),
('SUAT0119', 'PH010', 'P006', '2025-12-30', '09:00:00', '11:00:00'),
('SUAT0120', 'PH010', 'P010', '2026-01-02', '14:00:00', '16:00:00'),
('SUAT0121', 'PH010', 'P010', '2026-01-03', '09:00:00', '11:00:00'),
('SUAT0122', 'PH010', 'P004', '2026-01-06', '14:00:00', '16:00:00'),
('SUAT0123', 'PH010', 'P004', '2026-01-07', '09:00:00', '11:00:00'),
('SUAT0124', 'PH010', 'P008', '2026-01-10', '14:00:00', '16:00:00'),
('SUAT0125', 'PH010', 'P008', '2026-01-11', '09:00:00', '11:00:00'),
('SUAT0126', 'PH010', 'P002', '2026-01-14', '14:00:00', '16:00:00'),
('SUAT0127', 'PH010', 'P002', '2026-01-15', '09:00:00', '11:00:00'),
('SUAT0128', 'PH010', 'P006', '2026-01-17', '19:00:00', '21:00:00'),
('SUAT0129', 'PH010', 'P006', '2026-01-18', '14:00:00', '16:00:00'),
('SUAT0130', 'PH010', 'P006', '2026-01-19', '09:00:00', '11:00:00'),
('SUAT0131', 'PH010', 'P010', '2026-01-22', '14:00:00', '16:00:00'),
('SUAT0132', 'PH010', 'P010', '2026-01-23', '09:00:00', '11:00:00'),
('SUAT0133', 'PH010', 'P004', '2026-01-25', '19:00:00', '21:00:00'),
('SUAT0134', 'PH010', 'P004', '2026-01-26', '14:00:00', '16:00:00'),
('SUAT0135', 'PH010', 'P004', '2026-01-27', '09:00:00', '11:00:00'),
('SUAT0136', 'PH010', 'P008', '2026-01-30', '14:00:00', '16:00:00'),
('SUAT0137', 'PH010', 'P008', '2026-01-31', '09:00:00', '11:00:00'),
('SUAT0138', 'PH015', 'P002', '2025-12-19', '09:00:00', '12:17:00'),
('SUAT0139', 'PH015', 'P002', '2025-12-21', '19:00:00', '22:17:00'),
('SUAT0140', 'PH015', 'P002', '2025-12-22', '14:00:00', '17:17:00'),
('SUAT0141', 'PH015', 'P002', '2025-12-23', '09:00:00', '12:17:00'),
('SUAT0142', 'PH015', 'P004', '2025-12-26', '14:00:00', '17:17:00'),
('SUAT0143', 'PH015', 'P004', '2025-12-27', '09:00:00', '12:17:00'),
('SUAT0144', 'PH015', 'P007', '2025-12-30', '14:00:00', '17:17:00'),
('SUAT0145', 'PH015', 'P007', '2025-12-31', '09:00:00', '12:17:00'),
('SUAT0146', 'PH015', 'P002', '2026-01-03', '14:00:00', '17:17:00'),
('SUAT0147', 'PH015', 'P002', '2026-01-04', '09:00:00', '12:17:00'),
('SUAT0148', 'PH015', 'P002', '2026-01-07', '14:00:00', '17:17:00'),
('SUAT0149', 'PH015', 'P002', '2026-01-08', '09:00:00', '12:17:00'),
('SUAT0150', 'PH015', 'P002', '2026-01-10', '19:00:00', '22:17:00'),
('SUAT0151', 'PH015', 'P002', '2026-01-11', '14:00:00', '17:17:00'),
('SUAT0152', 'PH015', 'P002', '2026-01-12', '09:00:00', '12:17:00'),
('SUAT0153', 'PH015', 'P004', '2026-01-15', '14:00:00', '17:17:00'),
('SUAT0154', 'PH015', 'P004', '2026-01-16', '09:00:00', '12:17:00'),
('SUAT0155', 'PH015', 'P007', '2026-01-18', '19:00:00', '22:17:00'),
('SUAT0156', 'PH015', 'P007', '2026-01-19', '14:00:00', '17:17:00'),
('SUAT0157', 'PH015', 'P007', '2026-01-20', '09:00:00', '12:17:00'),
('SUAT0158', 'PH015', 'P002', '2026-01-23', '14:00:00', '17:17:00'),
('SUAT0159', 'PH015', 'P002', '2026-01-24', '09:00:00', '12:17:00'),
('SUAT0160', 'PH015', 'P002', '2026-01-27', '14:00:00', '17:17:00'),
('SUAT0161', 'PH015', 'P002', '2026-01-28', '09:00:00', '12:17:00'),
('SUAT0162', 'PH015', 'P002', '2026-01-31', '14:00:00', '17:17:00'),
('SUAT0163', 'PH015', 'P002', '2026-02-01', '09:00:00', '12:17:00'),
('SUAT0164', 'PH015', 'P004', '2026-02-04', '14:00:00', '17:17:00'),
('SUAT0165', 'PH015', 'P004', '2026-02-05', '09:00:00', '12:17:00'),
('SUAT0166', 'PH015', 'P007', '2026-02-07', '19:00:00', '22:17:00'),
('SUAT0167', 'PH015', 'P007', '2026-02-08', '14:00:00', '17:17:00'),
('SUAT0168', 'PH015', 'P007', '2026-02-09', '09:00:00', '12:17:00'),
('SUAT0169', 'PH015', 'P002', '2026-02-12', '14:00:00', '17:17:00'),
('SUAT0170', 'PH015', 'P002', '2026-02-13', '09:00:00', '12:17:00'),
('SUAT0171', 'PH015', 'P002', '2026-02-15', '19:00:00', '22:17:00'),
('SUAT0172', 'PH015', 'P002', '2026-02-16', '14:00:00', '17:17:00'),
('SUAT0173', 'PH011', 'P002', '2025-12-26', '09:00:00', '11:00:00'),
('SUAT0174', 'PH011', 'P006', '2025-12-28', '19:00:00', '21:00:00'),
('SUAT0175', 'PH011', 'P006', '2025-12-29', '14:00:00', '16:00:00'),
('SUAT0176', 'PH011', 'P006', '2025-12-30', '09:00:00', '11:00:00'),
('SUAT0177', 'PH011', 'P010', '2026-01-02', '14:00:00', '16:00:00'),
('SUAT0178', 'PH011', 'P010', '2026-01-03', '09:00:00', '11:00:00'),
('SUAT0179', 'PH011', 'P004', '2026-01-06', '14:00:00', '16:00:00'),
('SUAT0180', 'PH011', 'P004', '2026-01-07', '09:00:00', '11:00:00'),
('SUAT0181', 'PH011', 'P008', '2026-01-10', '14:00:00', '16:00:00'),
('SUAT0182', 'PH011', 'P008', '2026-01-11', '09:00:00', '11:00:00'),
('SUAT0183', 'PH011', 'P002', '2026-01-14', '14:00:00', '16:00:00'),
('SUAT0184', 'PH011', 'P002', '2026-01-15', '09:00:00', '11:00:00'),
('SUAT0185', 'PH011', 'P006', '2026-01-17', '19:00:00', '21:00:00'),
('SUAT0186', 'PH011', 'P006', '2026-01-18', '14:00:00', '16:00:00'),
('SUAT0187', 'PH011', 'P006', '2026-01-19', '09:00:00', '11:00:00'),
('SUAT0188', 'PH011', 'P010', '2026-01-22', '14:00:00', '16:00:00'),
('SUAT0189', 'PH011', 'P010', '2026-01-23', '09:00:00', '11:00:00'),
('SUAT0190', 'PH011', 'P004', '2026-01-25', '19:00:00', '21:00:00'),
('SUAT0191', 'PH011', 'P004', '2026-01-26', '14:00:00', '16:00:00'),
('SUAT0192', 'PH011', 'P004', '2026-01-27', '09:00:00', '11:00:00'),
('SUAT0193', 'PH011', 'P008', '2026-01-30', '14:00:00', '16:00:00'),
('SUAT0194', 'PH011', 'P008', '2026-01-31', '09:00:00', '11:00:00'),
('SUAT0195', 'PH011', 'P002', '2026-02-03', '14:00:00', '16:00:00'),
('SUAT0196', 'PH011', 'P002', '2026-02-04', '09:00:00', '11:00:00'),
('SUAT0197', 'PH011', 'P006', '2026-02-07', '14:00:00', '16:00:00'),
('SUAT0198', 'PH011', 'P006', '2026-02-08', '09:00:00', '11:00:00'),
('SUAT0199', 'PH011', 'P010', '2026-02-11', '14:00:00', '16:00:00'),
('SUAT0200', 'PH011', 'P010', '2026-02-12', '09:00:00', '11:00:00'),
('SUAT0201', 'PH011', 'P004', '2026-02-14', '19:00:00', '21:00:00'),
('SUAT0202', 'PH011', 'P004', '2026-02-15', '14:00:00', '16:00:00'),
('SUAT0203', 'PH011', 'P004', '2026-02-16', '09:00:00', '11:00:00'),
('SUAT0204', 'PH011', 'P008', '2026-02-19', '14:00:00', '16:00:00'),
('SUAT0205', 'PH011', 'P008', '2026-02-20', '09:00:00', '11:00:00'),
('SUAT0206', 'PH011', 'P002', '2026-02-22', '19:00:00', '21:00:00'),
('SUAT0207', 'PH011', 'P002', '2026-02-23', '14:00:00', '16:00:00'),
('SUAT0208', 'PH014', 'P006', '2025-12-26', '14:00:00', '16:00:00'),
('SUAT0209', 'PH014', 'P006', '2025-12-27', '09:00:00', '11:00:00'),
('SUAT0210', 'PH014', 'P010', '2025-12-30', '14:00:00', '16:00:00'),
('SUAT0211', 'PH014', 'P010', '2025-12-31', '09:00:00', '11:00:00'),
('SUAT0212', 'PH014', 'P004', '2026-01-03', '14:00:00', '16:00:00'),
('SUAT0213', 'PH014', 'P004', '2026-01-04', '09:00:00', '11:00:00'),
('SUAT0214', 'PH014', 'P008', '2026-01-07', '14:00:00', '16:00:00'),
('SUAT0215', 'PH014', 'P008', '2026-01-08', '09:00:00', '11:00:00'),
('SUAT0216', 'PH014', 'P002', '2026-01-10', '19:00:00', '21:00:00'),
('SUAT0217', 'PH014', 'P002', '2026-01-11', '14:00:00', '16:00:00'),
('SUAT0218', 'PH014', 'P002', '2026-01-12', '09:00:00', '11:00:00'),
('SUAT0219', 'PH014', 'P006', '2026-01-15', '14:00:00', '16:00:00'),
('SUAT0220', 'PH014', 'P006', '2026-01-16', '09:00:00', '11:00:00'),
('SUAT0221', 'PH014', 'P010', '2026-01-18', '19:00:00', '21:00:00'),
('SUAT0222', 'PH014', 'P010', '2026-01-19', '14:00:00', '16:00:00'),
('SUAT0223', 'PH014', 'P010', '2026-01-20', '09:00:00', '11:00:00'),
('SUAT0224', 'PH014', 'P004', '2026-01-23', '14:00:00', '16:00:00'),
('SUAT0225', 'PH014', 'P004', '2026-01-24', '09:00:00', '11:00:00'),
('SUAT0226', 'PH014', 'P008', '2026-01-27', '14:00:00', '16:00:00'),
('SUAT0227', 'PH014', 'P008', '2026-01-28', '09:00:00', '11:00:00'),
('SUAT0228', 'PH014', 'P002', '2026-01-31', '14:00:00', '16:00:00'),
('SUAT0229', 'PH014', 'P002', '2026-02-01', '09:00:00', '11:00:00'),
('SUAT0230', 'PH014', 'P006', '2026-02-04', '14:00:00', '16:00:00'),
('SUAT0231', 'PH014', 'P006', '2026-02-05', '09:00:00', '11:00:00'),
('SUAT0232', 'PH014', 'P010', '2026-02-07', '19:00:00', '21:00:00'),
('SUAT0233', 'PH014', 'P010', '2026-02-08', '14:00:00', '16:00:00'),
('SUAT0234', 'PH014', 'P010', '2026-02-09', '09:00:00', '11:00:00'),
('SUAT0235', 'PH014', 'P004', '2026-02-12', '14:00:00', '16:00:00'),
('SUAT0236', 'PH014', 'P004', '2026-02-13', '09:00:00', '11:00:00'),
('SUAT0237', 'PH014', 'P008', '2026-02-15', '19:00:00', '21:00:00'),
('SUAT0238', 'PH014', 'P008', '2026-02-16', '14:00:00', '16:00:00'),
('SUAT0239', 'PH014', 'P008', '2026-02-17', '09:00:00', '11:00:00'),
('SUAT0240', 'PH014', 'P002', '2026-02-20', '14:00:00', '16:00:00'),
('SUAT0241', 'PH014', 'P002', '2026-02-21', '09:00:00', '11:00:00'),
('SUAT0242', 'PH016', 'P010', '2026-01-02', '14:00:00', '16:00:00'),
('SUAT0243', 'PH016', 'P010', '2026-01-03', '09:00:00', '11:00:00'),
('SUAT0244', 'PH016', 'P004', '2026-01-06', '14:00:00', '16:00:00'),
('SUAT0245', 'PH016', 'P004', '2026-01-07', '09:00:00', '11:00:00'),
('SUAT0246', 'PH016', 'P008', '2026-01-10', '14:00:00', '16:00:00'),
('SUAT0247', 'PH016', 'P008', '2026-01-11', '09:00:00', '11:00:00'),
('SUAT0248', 'PH016', 'P002', '2026-01-14', '14:00:00', '16:00:00'),
('SUAT0249', 'PH016', 'P002', '2026-01-15', '09:00:00', '11:00:00'),
('SUAT0250', 'PH016', 'P006', '2026-01-17', '19:00:00', '21:00:00'),
('SUAT0251', 'PH016', 'P006', '2026-01-18', '14:00:00', '16:00:00'),
('SUAT0252', 'PH016', 'P006', '2026-01-19', '09:00:00', '11:00:00'),
('SUAT0253', 'PH016', 'P010', '2026-01-22', '14:00:00', '16:00:00'),
('SUAT0254', 'PH016', 'P010', '2026-01-23', '09:00:00', '11:00:00'),
('SUAT0255', 'PH016', 'P004', '2026-01-25', '19:00:00', '21:00:00'),
('SUAT0256', 'PH016', 'P004', '2026-01-26', '14:00:00', '16:00:00'),
('SUAT0257', 'PH016', 'P004', '2026-01-27', '09:00:00', '11:00:00'),
('SUAT0258', 'PH016', 'P008', '2026-01-30', '14:00:00', '16:00:00'),
('SUAT0259', 'PH016', 'P008', '2026-01-31', '09:00:00', '11:00:00'),
('SUAT0260', 'PH016', 'P002', '2026-02-03', '14:00:00', '16:00:00'),
('SUAT0261', 'PH016', 'P002', '2026-02-04', '09:00:00', '11:00:00'),
('SUAT0262', 'PH016', 'P006', '2026-02-07', '14:00:00', '16:00:00'),
('SUAT0263', 'PH016', 'P006', '2026-02-08', '09:00:00', '11:00:00'),
('SUAT0264', 'PH016', 'P010', '2026-02-11', '14:00:00', '16:00:00'),
('SUAT0265', 'PH016', 'P010', '2026-02-12', '09:00:00', '11:00:00'),
('SUAT0266', 'PH016', 'P004', '2026-02-14', '19:00:00', '21:00:00'),
('SUAT0267', 'PH016', 'P004', '2026-02-15', '14:00:00', '16:00:00'),
('SUAT0268', 'PH016', 'P004', '2026-02-16', '09:00:00', '11:00:00'),
('SUAT0269', 'PH016', 'P008', '2026-02-19', '14:00:00', '16:00:00'),
('SUAT0270', 'PH016', 'P008', '2026-02-20', '09:00:00', '11:00:00'),
('SUAT0271', 'PH016', 'P002', '2026-02-22', '19:00:00', '21:00:00'),
('SUAT0272', 'PH016', 'P002', '2026-02-23', '14:00:00', '16:00:00'),
('SUAT0273', 'PH016', 'P002', '2026-02-24', '09:00:00', '11:00:00'),
('SUAT0274', 'PH016', 'P006', '2026-02-27', '14:00:00', '16:00:00'),
('SUAT0275', 'PH016', 'P006', '2026-02-28', '09:00:00', '11:00:00'),
('SUAT0276', 'PH017', 'P010', '2026-03-21', '14:00:00', '16:00:00'),
('SUAT0277', 'PH017', 'P010', '2026-03-22', '09:00:00', '11:00:00'),
('SUAT0278', 'PH017', 'P004', '2026-03-25', '14:00:00', '16:00:00'),
('SUAT0279', 'PH017', 'P004', '2026-03-26', '09:00:00', '11:00:00'),
('SUAT0280', 'PH017', 'P008', '2026-03-28', '19:00:00', '21:00:00'),
('SUAT0281', 'PH017', 'P008', '2026-03-29', '14:00:00', '16:00:00'),
('SUAT0282', 'PH017', 'P008', '2026-03-30', '09:00:00', '11:00:00'),
('SUAT0283', 'PH017', 'P002', '2026-04-02', '14:00:00', '16:00:00'),
('SUAT0284', 'PH017', 'P002', '2026-04-03', '09:00:00', '11:00:00'),
('SUAT0285', 'PH017', 'P006', '2026-04-05', '19:00:00', '21:00:00'),
('SUAT0286', 'PH017', 'P006', '2026-04-06', '14:00:00', '16:00:00'),
('SUAT0287', 'PH017', 'P006', '2026-04-07', '09:00:00', '11:00:00'),
('SUAT0288', 'PH017', 'P010', '2026-04-10', '14:00:00', '16:00:00'),
('SUAT0289', 'PH017', 'P010', '2026-04-11', '09:00:00', '11:00:00'),
('SUAT0290', 'PH017', 'P004', '2026-04-14', '14:00:00', '16:00:00'),
('SUAT0291', 'PH017', 'P004', '2026-04-15', '09:00:00', '11:00:00'),
('SUAT0292', 'PH017', 'P008', '2026-04-18', '14:00:00', '16:00:00'),
('SUAT0293', 'PH017', 'P008', '2026-04-19', '09:00:00', '11:00:00'),
('SUAT0294', 'PH017', 'P002', '2026-04-22', '14:00:00', '16:00:00'),
('SUAT0295', 'PH017', 'P002', '2026-04-23', '09:00:00', '11:00:00'),
('SUAT0296', 'PH017', 'P006', '2026-04-25', '19:00:00', '21:00:00'),
('SUAT0297', 'PH017', 'P006', '2026-04-26', '14:00:00', '16:00:00'),
('SUAT0298', 'PH017', 'P006', '2026-04-27', '09:00:00', '11:00:00'),
('SUAT0299', 'PH017', 'P010', '2026-04-30', '14:00:00', '16:00:00'),
('SUAT0300', 'PH017', 'P010', '2026-05-01', '09:00:00', '11:00:00'),
('SUAT0301', 'PH017', 'P004', '2026-05-03', '19:00:00', '21:00:00'),
('SUAT0302', 'PH017', 'P004', '2026-05-04', '14:00:00', '16:00:00'),
('SUAT0303', 'PH017', 'P004', '2026-05-05', '09:00:00', '11:00:00'),
('SUAT0304', 'PH017', 'P008', '2026-05-08', '14:00:00', '16:00:00'),
('SUAT0305', 'PH017', 'P008', '2026-05-09', '09:00:00', '11:00:00'),
('SUAT0306', 'PH017', 'P002', '2026-05-12', '14:00:00', '16:00:00'),
('SUAT0307', 'PH017', 'P002', '2026-05-13', '09:00:00', '11:00:00'),
('SUAT0308', 'PH017', 'P006', '2026-05-16', '14:00:00', '16:00:00'),
('SUAT0309', 'PH017', 'P006', '2026-05-17', '09:00:00', '11:00:00');

-- --------------------------------------------------------

--
-- Table structure for table ThanhToan
--

CREATE TABLE ThanhToan (
  MaThanhToan VARCHAR(10) COLLATE utf8mb4_unicode_ci NOT NULL,
  MaHD VARCHAR(10) COLLATE utf8mb4_unicode_ci NOT NULL,
  PhuongThuc VARCHAR(100) COLLATE utf8mb4_unicode_ci DEFAULT NULL,
  SoTienPhaiTra DECIMAL(10,0) DEFAULT NULL,
  SoTienKhachTra DECIMAL(10,0) DEFAULT NULL,
  NgayThanhToan DATETIME DEFAULT CURRENT_TIMESTAMP,
  TrangThai VARCHAR(20) COLLATE utf8mb4_unicode_ci DEFAULT 'Thành công'
) ENGINE=InnoDB DEFAULT CharSET=utf8mb4 COLLATE=utf8mb4_unicode_ci;

--
-- Dumping data for table ThanhToan
--

INSERT INTO ThanhToan (MaThanhToan, MaHD, PhuongThuc, SoTienPhaiTra, SoTienKhachTra, NgayThanhToan, TrangThai) VALUES
('TT0001', 'HD0001', 'ZaloPay', 150000, 150000, '2025-12-04 08:31:00', 'Thành công'),
('TT0002', 'HD0002', 'Apple Pay', 585000, 585000, '2025-10-18 12:33:00', 'Thành công'),
('TT0003', 'HD0003', 'ZaloPay', 375000, 380680, '2025-11-15 21:18:00', 'Thành công'),
('TT0004', 'HD0004', 'Apple Pay', 585000, 599393, '2025-11-25 17:36:00', 'Thành công'),
('TT0005', 'HD0005', 'Ví Momo', 170000, 171466, '2025-10-22 15:10:00', 'Thành công'),
('TT0006', 'HD0006', 'Chuyển khoản ngân hàng', 180000, 198670, '2025-11-07 18:43:00', 'Thành công'),
('TT0007', 'HD0007', 'ZaloPay', 495000, 517157, '2025-12-08 10:01:00', 'Thành công'),
('TT0008', 'HD0008', 'ZaloPay', 225000, 225000, '2025-11-22 15:09:00', 'Thành công'),
('TT0009', 'HD0009', 'Apple Pay', 250000, 257035, '2025-11-22 06:28:00', 'Thành công'),
('TT0010', 'HD0010', 'Ví Momo', 375000, 399110, '2025-10-15 12:31:00', 'Thành công'),
('TT0011', 'HD0011', 'Chuyển khoản ngân hàng', 290000, 290000, '2025-11-08 15:34:00', 'Thành công'),
('TT0012', 'HD0012', 'Chuyển khoản ngân hàng', 345000, 345000, '2025-11-05 17:20:00', 'Thành công'),
('TT0013', 'HD0013', 'Apple Pay', 175000, 175000, '2025-11-28 19:18:00', 'Thành công'),
('TT0014', 'HD0014', 'Chuyển khoản ngân hàng', 120000, 120000, '2025-10-30 20:34:00', 'Thành công'),
('TT0015', 'HD0015', 'Ví Momo', 250000, 250000, '2025-12-06 15:47:00', 'Thành công'),
('TT0016', 'HD0016', 'ZaloPay', 405000, 405000, '2025-12-18 16:44:00', 'Thành công'),
('TT0017', 'HD0017', 'Chuyển khoản ngân hàng', 255000, 255000, '2025-10-05 10:10:00', 'Thành công'),
('TT0018', 'HD0018', 'Apple Pay', 475000, 475000, '2025-10-01 07:33:00', 'Thành công'),
('TT0019', 'HD0019', 'Ví Momo', 225000, 225000, '2025-10-29 07:29:00', 'Thành công'),
('TT0020', 'HD0020', 'ZaloPay', 145000, 145000, '2025-11-10 17:15:00', 'Thành công'),
('TT0021', 'HD0021', 'Chuyển khoản ngân hàng', 145000, 145000, '2025-10-17 16:37:00', 'Thành công'),
('TT0022', 'HD0022', 'Ví Momo', 245000, 245000, '2025-11-13 15:30:00', 'Thành công'),
('TT0023', 'HD0023', 'ZaloPay', 190000, 190000, '2025-11-23 20:48:00', 'Thành công'),
('TT0024', 'HD0024', 'ZaloPay', 450000, 450000, '2025-12-04 14:24:00', 'Thành công'),
('TT0025', 'HD0025', 'Apple Pay', 200000, 200000, '2025-11-05 06:02:00', 'Thành công'),
('TT0026', 'HD0026', 'ZaloPay', 355000, 355000, '2025-10-05 17:21:00', 'Thành công'),
('TT0027', 'HD0027', 'Apple Pay', 370000, 370000, '2025-10-28 21:03:00', 'Thành công'),
('TT0028', 'HD0028', 'Ví Momo', 225000, 225000, '2025-12-22 14:47:00', 'Thành công'),
('TT0029', 'HD0029', 'Chuyển khoản ngân hàng', 450000, 450000, '2025-12-22 19:38:00', 'Thành công'),
('TT0030', 'HD0030', 'Chuyển khoản ngân hàng', 105000, 105000, '2025-12-29 21:48:00', 'Thành công'),
('TT0031', 'HD0031', 'Apple Pay', 560000, 560000, '2025-11-13 12:38:00', 'Thành công'),
('TT0032', 'HD0032', 'Chuyển khoản ngân hàng', 405000, 405000, '2025-12-16 21:22:00', 'Thành công'),
('TT0033', 'HD0033', 'Ví Momo', 145000, 151348, '2025-11-01 09:56:00', 'Thành công'),
('TT0034', 'HD0034', 'Chuyển khoản ngân hàng', 250000, 253268, '2025-11-11 14:20:00', 'Thành công'),
('TT0035', 'HD0035', 'Apple Pay', 190000, 190000, '2025-10-09 13:55:00', 'Thành công'),
('TT0036', 'HD0036', 'Chuyển khoản ngân hàng', 300000, 300000, '2025-12-06 07:09:00', 'Thành công'),
('TT0037', 'HD0037', 'Ví Momo', 180000, 180000, '2025-11-10 13:55:00', 'Thành công'),
('TT0038', 'HD0038', 'Apple Pay', 330000, 330000, '2025-11-09 12:42:00', 'Thành công'),
('TT0039', 'HD0039', 'ZaloPay', 385000, 385000, '2025-12-14 14:05:00', 'Thành công'),
('TT0040', 'HD0040', 'Chuyển khoản ngân hàng', 310000, 310000, '2025-11-11 09:52:00', 'Thành công'),
('TT0041', 'HD0041', 'Ví Momo', 150000, 150000, '2025-10-17 08:12:00', 'Thành công'),
('TT0042', 'HD0042', 'Chuyển khoản ngân hàng', 250000, 250000, '2025-12-09 16:02:00', 'Thành công'),
('TT0043', 'HD0043', 'Ví Momo', 205000, 205000, '2025-10-26 06:28:00', 'Thành công'),
('TT0044', 'HD0044', 'Chuyển khoản ngân hàng', 385000, 385000, '2025-11-12 11:16:00', 'Thành công'),
('TT0045', 'HD0045', 'Apple Pay', 395000, 395000, '2025-10-13 09:48:00', 'Thành công'),
('TT0046', 'HD0046', 'Chuyển khoản ngân hàng', 180000, 180000, '2025-11-20 07:55:00', 'Thành công'),
('TT0047', 'HD0047', 'Ví Momo', 450000, 475735, '2025-10-19 11:57:00', 'Thành công'),
('TT0048', 'HD0048', 'ZaloPay', 150000, 150000, '2025-10-19 07:45:00', 'Thành công'),
('TT0049', 'HD0049', 'ZaloPay', 425000, 425000, '2025-10-14 18:37:00', 'Thành công'),
('TT0050', 'HD0050', 'Apple Pay', 505000, 534124, '2025-11-26 13:26:00', 'Thành công'),
('TT0051', 'HD0051', 'ZaloPay', 320000, 320000, '2025-10-16 08:12:00', 'Thành công'),
('TT0052', 'HD0052', 'Chuyển khoản ngân hàng', 460000, 460000, '2025-10-16 15:20:00', 'Thành công'),
('TT0053', 'HD0053', 'ZaloPay', 125000, 125000, '2025-12-26 08:55:00', 'Thành công'),
('TT0054', 'HD0054', 'ZaloPay', 335000, 335000, '2025-10-18 13:51:00', 'Thành công'),
('TT0055', 'HD0055', 'Apple Pay', 355000, 355000, '2025-11-13 19:40:00', 'Thành công'),
('TT0056', 'HD0056', 'Ví Momo', 405000, 405000, '2025-11-21 18:08:00', 'Thành công'),
('TT0057', 'HD0057', 'Chuyển khoản ngân hàng', 195000, 195000, '2025-11-11 11:23:00', 'Thành công'),
('TT0058', 'HD0058', 'ZaloPay', 440000, 441332, '2025-11-20 16:28:00', 'Thành công'),
('TT0059', 'HD0059', 'Apple Pay', 585000, 585000, '2025-12-03 13:09:00', 'Thành công'),
('TT0060', 'HD0060', 'Apple Pay', 285000, 285000, '2025-11-05 14:26:00', 'Thành công'),
('TT0061', 'HD0061', 'Ví Momo', 335000, 335000, '2025-11-21 16:31:00', 'Thành công'),
('TT0062', 'HD0062', 'Chuyển khoản ngân hàng', 255000, 255000, '2025-10-26 15:11:00', 'Thành công'),
('TT0063', 'HD0063', 'Chuyển khoản ngân hàng', 285000, 285000, '2025-10-26 15:04:00', 'Thành công'),
('TT0064', 'HD0064', 'Ví Momo', 600000, 600000, '2025-11-28 14:42:00', 'Thành công'),
('TT0065', 'HD0065', 'Chuyển khoản ngân hàng', 345000, 359528, '2025-12-20 15:19:00', 'Thành công'),
('TT0066', 'HD0066', 'ZaloPay', 390000, 390000, '2025-12-29 12:58:00', 'Thành công'),
('TT0067', 'HD0067', 'Apple Pay', 445000, 445000, '2025-10-05 19:01:00', 'Thành công'),
('TT0068', 'HD0068', 'Ví Momo', 290000, 290000, '2025-11-19 14:06:00', 'Thành công'),
('TT0069', 'HD0069', 'Apple Pay', 355000, 355000, '2025-11-03 21:52:00', 'Thành công'),
('TT0070', 'HD0070', 'ZaloPay', 335000, 335000, '2025-11-24 12:16:00', 'Thành công'),
('TT0071', 'HD0071', 'Apple Pay', 255000, 255000, '2025-10-22 09:25:00', 'Thành công'),
('TT0072', 'HD0072', 'ZaloPay', 450000, 450000, '2025-10-07 12:41:00', 'Thành công'),
('TT0073', 'HD0073', 'Chuyển khoản ngân hàng', 250000, 250000, '2025-10-31 11:52:00', 'Thành công'),
('TT0074', 'HD0074', 'Apple Pay', 255000, 296360, '2025-11-10 16:50:00', 'Thành công'),
('TT0075', 'HD0075', 'ZaloPay', 205000, 205000, '2025-12-30 08:41:00', 'Thành công'),
('TT0076', 'HD0076', 'ZaloPay', 75000, 108409, '2025-12-08 19:56:00', 'Thành công'),
('TT0077', 'HD0077', 'Ví Momo', 75000, 75000, '2025-10-08 20:24:00', 'Thành công'),
('TT0078', 'HD0078', 'Ví Momo', 335000, 335000, '2025-10-14 11:08:00', 'Thành công'),
('TT0079', 'HD0079', 'Apple Pay', 345000, 345000, '2025-11-20 09:31:00', 'Thành công'),
('TT0080', 'HD0080', 'Chuyển khoản ngân hàng', 145000, 145000, '2025-10-09 18:42:00', 'Thành công'),
('TT0081', 'HD0081', 'Chuyển khoản ngân hàng', 400000, 400000, '2025-12-20 10:42:00', 'Thành công'),
('TT0082', 'HD0082', 'Chuyển khoản ngân hàng', 420000, 429801, '2025-10-10 11:17:00', 'Thành công'),
('TT0083', 'HD0083', 'Apple Pay', 585000, 585000, '2025-11-21 07:37:00', 'Thành công'),
('TT0084', 'HD0084', 'Ví Momo', 440000, 440000, '2025-12-16 12:25:00', 'Thành công'),
('TT0085', 'HD0085', 'Ví Momo', 310000, 310000, '2025-10-30 08:45:00', 'Thành công'),
('TT0086', 'HD0086', 'ZaloPay', 175000, 193392, '2025-12-19 11:02:00', 'Thành công'),
('TT0087', 'HD0087', 'Ví Momo', 475000, 488026, '2025-11-26 06:21:00', 'Thành công'),
('TT0088', 'HD0088', 'Apple Pay', 345000, 345000, '2025-11-28 14:51:00', 'Thành công'),
('TT0089', 'HD0089', 'Chuyển khoản ngân hàng', 265000, 265000, '2025-11-25 08:03:00', 'Thành công'),
('TT0090', 'HD0090', 'Ví Momo', 255000, 255000, '2025-10-17 19:41:00', 'Thành công'),
('TT0091', 'HD0091', 'Ví Momo', 290000, 325891, '2025-11-07 17:25:00', 'Thành công'),
('TT0092', 'HD0092', 'Ví Momo', 190000, 198963, '2025-12-11 08:16:00', 'Thành công'),
('TT0093', 'HD0093', 'Chuyển khoản ngân hàng', 375000, 421771, '2025-10-14 06:49:00', 'Đã hủy'),
('TT0094', 'HD0094', 'Apple Pay', 485000, 485000, '2025-12-26 13:24:00', 'Thành công'),
('TT0095', 'HD0095', 'Chuyển khoản ngân hàng', 500000, 500000, '2025-12-08 10:06:00', 'Thành công'),
('TT0096', 'HD0096', 'Apple Pay', 145000, 145000, '2025-12-25 06:12:00', 'Thành công'),
('TT0097', 'HD0097', 'Apple Pay', 250000, 250000, '2025-10-29 12:56:00', 'Thành công'),
('TT0098', 'HD0098', 'Ví Momo', 425000, 435761, '2025-10-30 07:38:00', 'Thành công'),
('TT0099', 'HD0099', 'Ví Momo', 180000, 180000, '2025-12-25 08:50:00', 'Thành công'),
('TT0100', 'HD0100', 'Ví Momo', 130000, 130000, '2025-12-11 21:26:00', 'Thành công');

-- --------------------------------------------------------

--
-- Table structure for table UuDai
--

CREATE TABLE UuDai (
  MaUD VARCHAR(100) COLLATE utf8mb4_unicode_ci NOT NULL,
  TenUD VARCHAR(100) COLLATE utf8mb4_unicode_ci NOT NULL,
  MoTa TEXT COLLATE utf8mb4_unicode_ci,
  NgayBatDau DATE NOT NULL,
  NgayKetThuc DATE NOT NULL,
  Anh VARCHAR(255) COLLATE utf8mb4_unicode_ci DEFAULT NULL
) ENGINE=InnoDB DEFAULT CharSET=utf8mb4 COLLATE=utf8mb4_unicode_ci;

--
-- Dumping data for table UuDai
--

INSERT INTO UuDai (MaUD, TenUD, MoTa, NgayBatDau, NgayKetThuc, Anh) VALUES
('BACKTOSCHOOL', 'BACK TO SCHOOL U22 – VÉ XEM Phim VÀ COMBO BẮP NƯỚC CHỈ 79K', 'Mùa tựu trường đã đến, lịch học dày đặc khiến bạn stress? Ví tiền thì “xẹp lép” mà vẫn muốn tụ tập bạn bè đi xem Phim, ăn bắp, uống nước mát lạnh? Đừng lo, <b>a mang đến ưu đãi BACK TO SCHOOL dành riêng cho U22</b> – vừa tiết kiệm, vừa vui hết nấc!\r\n\r\nƯu đãi BACK TO SCHOOL U22 có gì hấp dẫn?\r\n\r\nChỉ với <b>79K</b>, bạn sẽ nhận ngay combo siêu hời gồm:\r\n\r\n• 🎟️ <b>1 vé xem Phim</b> tại rạp High Cinema\r\n\r\n• 🍿 <b>1 phần bắp giòn rụm</b>\r\n\r\n• 🥤 <b>1 ly nước mát lạnh</b>\r\n\r\nCombo này giúp bạn vừa xem Phim bom tấn mới nhất, vừa chill cùng bạn bè mà không lo tốn kém.\r\n\r\nThời gian và điều kiện áp dụng\r\n\r\n• Áp dụng cho suất chiếu <b>trước 18:00, từ Thứ Hai – Thứ Năm</b>\r\n\r\n• Thời gian khuyến mãi: <b>12.9 – 30.9.2025</b>\r\n\r\n• Mã áp dụng: <b>BACKTOSCHOOL</b>\r\n\r\n• Địa điểm áp dụng: <b>High Cinema - Huế</b>\r\n\r\n👉 Lưu ý: Ưu đãi chỉ áp dụng khi khách hàng mua vé tại quầy bán vé và khách hàng <b>dưới 22 tuổi (U22)</b>, nhớ mang theo giấy tờ tùy thân để được xác nhận.\r\n\r\nVì sao không nên bỏ lỡ combo BACK TO SCHOOL?\r\n\r\n• <b>Tiết kiệm cực mạnh:</b> Chỉ 79K là có ngay vé + bắp + nước.\r\n\r\n• <b>Trải nghiệm giải trí trọn vẹn:</b> Xem Phim, ăn vặt, trò chuyện – công thức xả stress hoàn hảo cho học sinh, sinh viên.\r\n\r\nĐừng để FOMO vì hội bạn đã đi xem Phim còn bạn thì chưa! Hãy rủ ngay nhóm bạn đến <b>High Cinema - Huế</b> để tận hưởng combo <b>BACK TO SCHOOL U22</b> siêu hời. Vừa học, vừa giải trí – đó mới là công thức cân bằng tuyệt vời.\r\n\r\n👉 Đặt vé ngay hôm nay để không bỏ lỡ cơ hội “đi học vẫn chill” nhé!', '2025-09-12', '2025-09-30', 'images/backtoschool.png'),
('CINENIGHT', 'CINE NIGHT– ƯU ĐÃI SUẤT CHIẾU ĐÊM, CHỈ TỪ 50K', 'Bạn là “cú đêm” chính hiệu? Bạn đang tìm một trải nghiệm thú vị sau 22h?\r\nHãy để <b>High Cinema</b> mang đến cho bạn một đêm dài đúng nghĩa với chương trình ưu đãi <b>“CINE NIGHT” – Ưu đãi xuất chiếu đêm</b>\r\n\r\n<b>Xem Phim trễ – Giá cực mê</b>\r\n\r\nTrong khung giờ sau 22h00, bạn sẽ có cơ hội thưởng thức những suất chiếu đặc biệt với <b>giá vé ưu đãi chỉ từ 50.000đ.</b>\r\n\r\nKhông khí rạp yên tĩnh, ghế ngồi thoải mái, không lo chen chúc – đây chính là lựa chọn lý tưởng để:\r\n\r\n• Cùng bạn bè trải nghiệm rạp Phim đêm thú vị\r\n\r\n• Tiết kiệm chi phí nhưng vẫn tận hưởng trọn vẹn chất lượng Phim ảnh\r\n\r\n<b>Thông tin chương trình Cine Night – Ưu đãi xuất chiếu đêm</b>\r\n\r\n• <b>Khung giờ áp dụng:</b> Tất cả các suất chiếu sau 22h00 mỗi ngày\r\n\r\n• <b>Giá vé ưu đãi:</b> Chỉ từ 50.000đ/vé\r\n\r\n• <b>Mã áp dụng:</b> CINENIGHT\r\n\r\n• <b>Áp dụng tại rạp chiếu Phim High Cinema - Huế</b>\r\n\r\n<i>Lưu ý: Ưu đãi chỉ áp dụng khi khách hàng mua vé tại quầy bán vé, vui lòng đọc kĩ thông tin để không nhầm lẫn.</i>\r\n\r\n<b>Đêm chill – Phim đỉnh – Giá “iu” chỉ có tại High Cinema</b>\r\n\r\nKhông cần đợi cuối tuần, không cần chi quá nhiều – chỉ cần sau 22h00, bạn đã có ngay cơ hội thưởng thức Phim hay với mức giá vô cùng hợp lý.\r\n\r\n<b>Đặt vé xem Phim khuya ngay hôm nay</b>\r\n\r\n• Lựa chọn suất chiếu sau 22h để tận hưởng ưu đãi vé khuya chỉ từ 50K\r\n', '2025-08-01', '2025-12-31', 'images/cinenight.png'),
('U22', 'U22 – GIÁ SIÊU NHẸ, TRẢI NGHIỆM SIÊU ĐỈNH', 'Mùa hè rực rỡ đã đến, và BHD Star dành tặng cho các U22 một ưu đãi cực “đã” – giá vé xem Phim chỉ từ 48.000 VNĐ dành cho học sinh, sinh viên dưới 22 tuổi (U22).\n\nĐây là cơ hội vàng để bạn tận hưởng điện ảnh mỗi tuần, mà không lo “viêm ví”!\n\nChỉ với 48K/vé, bạn đã có thể:\n\nThưởng thức các bom tấn mới nhất của hè này ngay tại rạp\n\nTận hưởng không gian và âm thanh chất lượng, sống động\n\nTiết kiệm chi phí, mà vẫn vui hết mình cùng bạn bè mùa hè này! \n\nThông tin chi tiết chương trình:\n\nĐối tượng áp dụng: Tất cả học sinh – sinh viên dưới 22 tuổi\nGiá vé ưu đãi: Chỉ từ 48.000đ/vé\nĐiều kiện sử dụng: Xuất trình thẻ học sinh/sinh viên hoặc CCCD tại quầy vé để xác minh độ tuổi\nThời gian áp dụng: Từ tháng 6/2025 đến khi có thông báo mới\nÁp dụng tại: Toàn bộ hệ thống rạp BHD Star trên toàn quốc\nHãy tận dụng ưu đãi đặc biệt này để “đi rạp mỗi tuần, mỗi Phim một mood”, cùng hội bạn thân hoặc người yêu. Dù là hành động, tình cảm, hoạt hình hay hài hước – U22 có ngay vé siêu rẻ để chill điện ảnh trọn mùa hè.\n\nCách thức đặt vé:\nChọn cụm rạp và suất chiếu\n\nMang theo thẻ HSSV/CCCD để xác minh khi đến rạp\n\nĐừng bỏ lỡ cơ hội xem Phim hè với giá ưu đãi dành riêng cho hội U22, đặt ngay thôi !', '2025-10-01', '2025-10-31', 'images/ud3.jpg'),
('UD004', 'U22 – GIÁ SIÊU NHẸ, TRẢI NGHIỆM SIÊU ĐỈNH', 'Mùa hè rực rỡ đã đến, và BHD Star dành tặng cho các U22 một ưu đãi cực “đã” – giá vé xem Phim chỉ từ 48.000 VNĐ dành cho học sinh, sinh viên dưới 22 tuổi (U22).\r\n\r\nĐây là cơ hội vàng để bạn tận hưởng điện ảnh mỗi tuần, mà không lo “viêm ví”!\r\n\r\nChỉ với 48K/vé, bạn đã có thể:\r\n\r\nThưởng thức các bom tấn mới nhất của hè này ngay tại rạp\r\n\r\nTận hưởng không gian và âm thanh chất lượng, sống động\r\n\r\nTiết kiệm chi phí, mà vẫn vui hết mình cùng bạn bè mùa hè này! \r\n\r\nThông tin chi tiết chương trình:\r\n\r\nĐối tượng áp dụng: Tất cả học sinh – sinh viên dưới 22 tuổi\r\nGiá vé ưu đãi: Chỉ từ 48.000đ/vé\r\nĐiều kiện sử dụng: Xuất trình thẻ học sinh/sinh viên hoặc CCCD tại quầy vé để xác minh độ tuổi\r\nThời gian áp dụng: Từ tháng 6/2025 đến khi có thông báo mới\r\nÁp dụng tại: Toàn bộ hệ thống rạp BHD Star trên toàn quốc\r\nHãy tận dụng ưu đãi đặc biệt này để “đi rạp mỗi tuần, mỗi Phim một mood”, cùng hội bạn thân hoặc người yêu. Dù là hành động, tình cảm, hoạt hình hay hài hước – U22 có ngay vé siêu rẻ để chill điện ảnh trọn mùa hè.\r\n\r\nCách thức đặt vé:\r\nChọn cụm rạp và suất chiếu\r\n\r\nMang theo thẻ HSSV/CCCD để xác minh khi đến rạp\r\n\r\nĐừng bỏ lỡ cơ hội xem Phim hè với giá ưu đãi dành riêng cho hội U22, đặt ngay thôi !', '2025-10-01', '2025-10-31', 'images/ud3.jpg');

-- --------------------------------------------------------

--
-- Table structure for table Ve
--

CREATE TABLE Ve (
  MaVe VARCHAR(10) COLLATE utf8mb4_unicode_ci NOT NULL,
  MaPhong VARCHAR(10) COLLATE utf8mb4_unicode_ci NOT NULL,
  MaGhe VARCHAR(10) COLLATE utf8mb4_unicode_ci NOT NULL,
  GiaVe DECIMAL(10,0) NOT NULL
) ENGINE=InnoDB DEFAULT CharSET=utf8mb4 COLLATE=utf8mb4_unicode_ci;

--
-- Dumping data for table Ve
--

INSERT INTO Ve (MaVe, MaPhong, MaGhe, GiaVe) VALUES
('Ve001', 'P001', 'P001_01', 75000),
('Ve002', 'P001', 'P001_02', 75000),
('Ve003', 'P001', 'P001_03', 75000),
('Ve004', 'P001', 'P001_04', 75000),
('Ve005', 'P001', 'P001_05', 75000),
('Ve006', 'P001', 'P001_06', 75000),
('Ve007', 'P001', 'P001_07', 75000),
('Ve008', 'P001', 'P001_08', 75000),
('Ve009', 'P001', 'P001_09', 75000),
('Ve010', 'P001', 'P001_10', 75000),
('Ve011', 'P001', 'P001_11', 75000),
('Ve012', 'P001', 'P001_12', 75000),
('Ve013', 'P001', 'P001_13', 75000),
('Ve014', 'P001', 'P001_14', 75000),
('Ve015', 'P001', 'P001_15', 75000),
('Ve016', 'P001', 'P001_16', 75000),
('Ve017', 'P001', 'P001_17', 75000),
('Ve018', 'P001', 'P001_18', 75000),
('Ve019', 'P001', 'P001_19', 75000),
('Ve020', 'P001', 'P001_20', 75000),
('Ve021', 'P001', 'P001_21', 75000),
('Ve022', 'P001', 'P001_22', 75000),
('Ve023', 'P001', 'P001_23', 75000),
('Ve024', 'P001', 'P001_24', 75000),
('Ve025', 'P001', 'P001_25', 75000),
('Ve026', 'P001', 'P001_26', 75000),
('Ve027', 'P001', 'P001_27', 75000),
('Ve028', 'P001', 'P001_28', 75000),
('Ve029', 'P001', 'P001_29', 75000),
('Ve030', 'P001', 'P001_30', 75000),
('Ve031', 'P001', 'P001_31', 75000),
('Ve032', 'P001', 'P001_32', 75000),
('Ve033', 'P001', 'P001_33', 75000),
('Ve034', 'P001', 'P001_34', 75000),
('Ve035', 'P001', 'P001_35', 75000),
('Ve036', 'P001', 'P001_36', 75000),
('Ve037', 'P001', 'P001_37', 75000),
('Ve038', 'P001', 'P001_38', 75000),
('Ve039', 'P001', 'P001_39', 75000),
('Ve040', 'P001', 'P001_40', 75000),
('Ve041', 'P001', 'P001_41', 180000),
('Ve042', 'P001', 'P001_42', 180000),
('Ve043', 'P001', 'P001_43', 120000),
('Ve044', 'P001', 'P001_44', 120000),
('Ve045', 'P001', 'P001_45', 120000),
('Ve046', 'P001', 'P001_46', 120000),
('Ve047', 'P001', 'P001_47', 120000),
('Ve048', 'P001', 'P001_48', 120000),
('Ve049', 'P001', 'P001_49', 180000),
('Ve050', 'P001', 'P001_50', 180000),
('Ve051', 'P001', 'P001_51', 180000),
('Ve052', 'P001', 'P001_52', 180000),
('Ve053', 'P001', 'P001_53', 120000),
('Ve054', 'P001', 'P001_54', 120000),
('Ve055', 'P001', 'P001_55', 120000),
('Ve056', 'P001', 'P001_56', 120000),
('Ve057', 'P001', 'P001_57', 120000),
('Ve058', 'P001', 'P001_58', 120000),
('Ve059', 'P001', 'P001_59', 180000),
('Ve060', 'P001', 'P001_60', 180000),
('Ve061', 'P002', 'P002_01', 105000),
('Ve062', 'P002', 'P002_02', 105000),
('Ve063', 'P002', 'P002_03', 105000),
('Ve064', 'P002', 'P002_04', 105000),
('Ve065', 'P002', 'P002_05', 105000),
('Ve066', 'P002', 'P002_06', 105000),
('Ve067', 'P002', 'P002_07', 105000),
('Ve068', 'P002', 'P002_08', 105000),
('Ve069', 'P002', 'P002_09', 105000),
('Ve070', 'P002', 'P002_10', 105000),
('Ve071', 'P002', 'P002_11', 105000),
('Ve072', 'P002', 'P002_12', 105000),
('Ve073', 'P002', 'P002_13', 105000),
('Ve074', 'P002', 'P002_14', 105000),
('Ve075', 'P002', 'P002_15', 105000),
('Ve076', 'P002', 'P002_16', 105000),
('Ve077', 'P002', 'P002_17', 105000),
('Ve078', 'P002', 'P002_18', 105000),
('Ve079', 'P002', 'P002_19', 105000),
('Ve080', 'P002', 'P002_20', 105000),
('Ve081', 'P002', 'P002_21', 105000),
('Ve082', 'P002', 'P002_22', 105000),
('Ve083', 'P002', 'P002_23', 105000),
('Ve084', 'P002', 'P002_24', 105000),
('Ve085', 'P002', 'P002_25', 105000),
('Ve086', 'P002', 'P002_26', 105000),
('Ve087', 'P002', 'P002_27', 105000),
('Ve088', 'P002', 'P002_28', 105000),
('Ve089', 'P002', 'P002_29', 105000),
('Ve090', 'P002', 'P002_30', 105000),
('Ve091', 'P002', 'P002_31', 180000),
('Ve092', 'P002', 'P002_32', 180000),
('Ve093', 'P002', 'P002_33', 130000),
('Ve094', 'P002', 'P002_34', 130000),
('Ve095', 'P002', 'P002_35', 130000),
('Ve096', 'P002', 'P002_36', 130000),
('Ve097', 'P002', 'P002_37', 130000),
('Ve098', 'P002', 'P002_38', 130000),
('Ve099', 'P002', 'P002_39', 180000),
('Ve100', 'P002', 'P002_40', 180000),
('Ve101', 'P002', 'P002_41', 180000),
('Ve102', 'P002', 'P002_42', 180000),
('Ve103', 'P002', 'P002_43', 130000),
('Ve104', 'P002', 'P002_44', 130000),
('Ve105', 'P002', 'P002_45', 130000),
('Ve106', 'P002', 'P002_46', 130000),
('Ve107', 'P002', 'P002_47', 130000),
('Ve108', 'P002', 'P002_48', 130000),
('Ve109', 'P002', 'P002_49', 180000),
('Ve110', 'P002', 'P002_50', 180000),
('Ve111', 'P003', 'P003_01', 75000),
('Ve112', 'P003', 'P003_02', 75000),
('Ve113', 'P003', 'P003_03', 75000),
('Ve114', 'P003', 'P003_04', 75000),
('Ve115', 'P003', 'P003_05', 75000),
('Ve116', 'P003', 'P003_06', 75000),
('Ve117', 'P003', 'P003_07', 75000),
('Ve118', 'P003', 'P003_08', 75000),
('Ve119', 'P003', 'P003_09', 75000),
('Ve120', 'P003', 'P003_10', 75000),
('Ve121', 'P003', 'P003_11', 75000),
('Ve122', 'P003', 'P003_12', 75000),
('Ve123', 'P003', 'P003_13', 75000),
('Ve124', 'P003', 'P003_14', 75000),
('Ve125', 'P003', 'P003_15', 75000),
('Ve126', 'P003', 'P003_16', 75000),
('Ve127', 'P003', 'P003_17', 75000),
('Ve128', 'P003', 'P003_18', 75000),
('Ve129', 'P003', 'P003_19', 75000),
('Ve130', 'P003', 'P003_20', 75000),
('Ve131', 'P003', 'P003_21', 75000),
('Ve132', 'P003', 'P003_22', 75000),
('Ve133', 'P003', 'P003_23', 75000),
('Ve134', 'P003', 'P003_24', 75000),
('Ve135', 'P003', 'P003_25', 75000),
('Ve136', 'P003', 'P003_26', 75000),
('Ve137', 'P003', 'P003_27', 75000),
('Ve138', 'P003', 'P003_28', 75000),
('Ve139', 'P003', 'P003_29', 75000),
('Ve140', 'P003', 'P003_30', 75000),
('Ve141', 'P003', 'P003_31', 75000),
('Ve142', 'P003', 'P003_32', 75000),
('Ve143', 'P003', 'P003_33', 75000),
('Ve144', 'P003', 'P003_34', 75000),
('Ve145', 'P003', 'P003_35', 75000),
('Ve146', 'P003', 'P003_36', 75000),
('Ve147', 'P003', 'P003_37', 75000),
('Ve148', 'P003', 'P003_38', 75000),
('Ve149', 'P003', 'P003_39', 75000),
('Ve150', 'P003', 'P003_40', 75000),
('Ve151', 'P003', 'P003_41', 180000),
('Ve152', 'P003', 'P003_42', 180000),
('Ve153', 'P003', 'P003_43', 120000),
('Ve154', 'P003', 'P003_44', 120000),
('Ve155', 'P003', 'P003_45', 120000),
('Ve156', 'P003', 'P003_46', 120000),
('Ve157', 'P003', 'P003_47', 120000),
('Ve158', 'P003', 'P003_48', 120000),
('Ve159', 'P003', 'P003_49', 180000),
('Ve160', 'P003', 'P003_50', 180000),
('Ve161', 'P003', 'P003_51', 180000),
('Ve162', 'P003', 'P003_52', 180000),
('Ve163', 'P003', 'P003_53', 120000),
('Ve164', 'P003', 'P003_54', 120000),
('Ve165', 'P003', 'P003_55', 120000),
('Ve166', 'P003', 'P003_56', 120000),
('Ve167', 'P003', 'P003_57', 120000),
('Ve168', 'P003', 'P003_58', 120000),
('Ve169', 'P003', 'P003_59', 180000),
('Ve170', 'P003', 'P003_60', 180000),
('Ve171', 'P004', 'P004_01', 130000),
('Ve172', 'P004', 'P004_02', 130000),
('Ve173', 'P004', 'P004_03', 130000),
('Ve174', 'P004', 'P004_04', 130000),
('Ve175', 'P004', 'P004_05', 130000),
('Ve176', 'P004', 'P004_06', 130000),
('Ve177', 'P004', 'P004_07', 130000),
('Ve178', 'P004', 'P004_08', 130000),
('Ve179', 'P004', 'P004_09', 130000),
('Ve180', 'P004', 'P004_10', 130000),
('Ve181', 'P004', 'P004_11', 130000),
('Ve182', 'P004', 'P004_12', 130000),
('Ve183', 'P004', 'P004_13', 130000),
('Ve184', 'P004', 'P004_14', 130000),
('Ve185', 'P004', 'P004_15', 130000),
('Ve186', 'P004', 'P004_16', 130000),
('Ve187', 'P004', 'P004_17', 130000),
('Ve188', 'P004', 'P004_18', 130000),
('Ve189', 'P004', 'P004_19', 130000),
('Ve190', 'P004', 'P004_20', 130000),
('Ve191', 'P004', 'P004_21', 130000),
('Ve192', 'P004', 'P004_22', 130000),
('Ve193', 'P004', 'P004_23', 130000),
('Ve194', 'P004', 'P004_24', 130000),
('Ve195', 'P004', 'P004_25', 130000),
('Ve196', 'P004', 'P004_26', 130000),
('Ve197', 'P004', 'P004_27', 130000),
('Ve198', 'P004', 'P004_28', 130000),
('Ve199', 'P004', 'P004_29', 130000),
('Ve200', 'P004', 'P004_30', 130000),
('Ve201', 'P004', 'P004_31', 130000),
('Ve202', 'P004', 'P004_32', 130000),
('Ve203', 'P004', 'P004_33', 130000),
('Ve204', 'P004', 'P004_34', 130000),
('Ve205', 'P004', 'P004_35', 130000),
('Ve206', 'P004', 'P004_36', 130000),
('Ve207', 'P004', 'P004_37', 130000),
('Ve208', 'P004', 'P004_38', 130000),
('Ve209', 'P004', 'P004_39', 130000),
('Ve210', 'P004', 'P004_40', 130000),
('Ve211', 'P004', 'P004_41', 130000),
('Ve212', 'P004', 'P004_42', 130000),
('Ve213', 'P004', 'P004_43', 130000),
('Ve214', 'P004', 'P004_44', 130000),
('Ve215', 'P004', 'P004_45', 130000),
('Ve216', 'P004', 'P004_46', 130000),
('Ve217', 'P004', 'P004_47', 130000),
('Ve218', 'P004', 'P004_48', 130000),
('Ve219', 'P004', 'P004_49', 130000),
('Ve220', 'P004', 'P004_50', 130000),
('Ve221', 'P004', 'P004_51', 130000),
('Ve222', 'P004', 'P004_52', 130000),
('Ve223', 'P004', 'P004_53', 180000),
('Ve224', 'P004', 'P004_54', 180000),
('Ve225', 'P004', 'P004_55', 180000),
('Ve226', 'P004', 'P004_56', 180000),
('Ve227', 'P004', 'P004_57', 180000),
('Ve228', 'P004', 'P004_58', 180000),
('Ve229', 'P004', 'P004_59', 130000),
('Ve230', 'P004', 'P004_60', 130000),
('Ve231', 'P004', 'P004_61', 250000),
('Ve232', 'P004', 'P004_62', 250000),
('Ve233', 'P004', 'P004_63', 180000),
('Ve234', 'P004', 'P004_64', 180000),
('Ve235', 'P004', 'P004_65', 180000),
('Ve236', 'P004', 'P004_66', 180000),
('Ve237', 'P004', 'P004_67', 180000),
('Ve238', 'P004', 'P004_68', 180000),
('Ve239', 'P004', 'P004_69', 250000),
('Ve240', 'P004', 'P004_70', 250000),
('Ve241', 'P004', 'P004_71', 250000),
('Ve242', 'P004', 'P004_72', 250000),
('Ve243', 'P004', 'P004_73', 180000),
('Ve244', 'P004', 'P004_74', 180000),
('Ve245', 'P004', 'P004_75', 180000),
('Ve246', 'P004', 'P004_76', 180000),
('Ve247', 'P004', 'P004_77', 180000),
('Ve248', 'P004', 'P004_78', 180000),
('Ve249', 'P004', 'P004_79', 250000),
('Ve250', 'P004', 'P004_80', 250000),
('Ve251', 'P005', 'P005_01', 180000),
('Ve252', 'P005', 'P005_02', 180000),
('Ve253', 'P005', 'P005_03', 180000),
('Ve254', 'P005', 'P005_04', 180000),
('Ve255', 'P005', 'P005_05', 180000),
('Ve256', 'P005', 'P005_06', 180000),
('Ve257', 'P005', 'P005_07', 180000),
('Ve258', 'P005', 'P005_08', 180000),
('Ve259', 'P005', 'P005_09', 180000),
('Ve260', 'P005', 'P005_10', 180000),
('Ve261', 'P005', 'P005_11', 180000),
('Ve262', 'P005', 'P005_12', 180000),
('Ve263', 'P005', 'P005_13', 180000),
('Ve264', 'P005', 'P005_14', 180000),
('Ve265', 'P005', 'P005_15', 180000),
('Ve266', 'P005', 'P005_16', 180000),
('Ve267', 'P005', 'P005_17', 180000),
('Ve268', 'P005', 'P005_18', 180000),
('Ve269', 'P005', 'P005_19', 180000),
('Ve270', 'P005', 'P005_20', 180000),
('Ve271', 'P005', 'P005_21', 180000),
('Ve272', 'P005', 'P005_22', 180000),
('Ve273', 'P005', 'P005_23', 180000),
('Ve274', 'P005', 'P005_24', 180000),
('Ve275', 'P005', 'P005_25', 180000),
('Ve276', 'P005', 'P005_26', 180000),
('Ve277', 'P005', 'P005_27', 180000),
('Ve278', 'P005', 'P005_28', 180000),
('Ve279', 'P005', 'P005_29', 180000),
('Ve280', 'P005', 'P005_30', 180000),
('Ve281', 'P005', 'P005_31', 180000),
('Ve282', 'P005', 'P005_32', 180000),
('Ve283', 'P005', 'P005_33', 180000),
('Ve284', 'P005', 'P005_34', 180000),
('Ve285', 'P005', 'P005_35', 180000),
('Ve286', 'P005', 'P005_36', 180000),
('Ve287', 'P005', 'P005_37', 180000),
('Ve288', 'P005', 'P005_38', 180000),
('Ve289', 'P005', 'P005_39', 180000),
('Ve290', 'P005', 'P005_40', 180000),
('Ve291', 'P005', 'P005_41', 180000),
('Ve292', 'P005', 'P005_42', 180000),
('Ve293', 'P005', 'P005_43', 180000),
('Ve294', 'P005', 'P005_44', 180000),
('Ve295', 'P005', 'P005_45', 180000),
('Ve296', 'P005', 'P005_46', 180000),
('Ve297', 'P005', 'P005_47', 180000),
('Ve298', 'P005', 'P005_48', 180000),
('Ve299', 'P005', 'P005_49', 180000),
('Ve300', 'P005', 'P005_50', 180000),
('Ve301', 'P005', 'P005_51', 180000),
('Ve302', 'P005', 'P005_52', 180000),
('Ve303', 'P005', 'P005_53', 180000),
('Ve304', 'P005', 'P005_54', 180000),
('Ve305', 'P005', 'P005_55', 180000),
('Ve306', 'P005', 'P005_56', 180000),
('Ve307', 'P005', 'P005_57', 180000),
('Ve308', 'P005', 'P005_58', 180000),
('Ve309', 'P005', 'P005_59', 180000),
('Ve310', 'P005', 'P005_60', 180000),
('Ve311', 'P005', 'P005_61', 180000),
('Ve312', 'P005', 'P005_62', 180000),
('Ve313', 'P005', 'P005_63', 220000),
('Ve314', 'P005', 'P005_64', 220000),
('Ve315', 'P005', 'P005_65', 220000),
('Ve316', 'P005', 'P005_66', 220000),
('Ve317', 'P005', 'P005_67', 220000),
('Ve318', 'P005', 'P005_68', 220000),
('Ve319', 'P005', 'P005_69', 180000),
('Ve320', 'P005', 'P005_70', 180000),
('Ve321', 'P005', 'P005_71', 300000),
('Ve322', 'P005', 'P005_72', 300000),
('Ve323', 'P005', 'P005_73', 220000),
('Ve324', 'P005', 'P005_74', 220000),
('Ve325', 'P005', 'P005_75', 220000),
('Ve326', 'P005', 'P005_76', 220000),
('Ve327', 'P005', 'P005_77', 220000),
('Ve328', 'P005', 'P005_78', 220000),
('Ve329', 'P005', 'P005_79', 300000),
('Ve330', 'P005', 'P005_80', 300000),
('Ve331', 'P005', 'P005_81', 300000),
('Ve332', 'P005', 'P005_82', 300000),
('Ve333', 'P005', 'P005_83', 220000),
('Ve334', 'P005', 'P005_84', 220000),
('Ve335', 'P005', 'P005_85', 220000),
('Ve336', 'P005', 'P005_86', 220000),
('Ve337', 'P005', 'P005_87', 220000),
('Ve338', 'P005', 'P005_88', 220000),
('Ve339', 'P005', 'P005_89', 300000),
('Ve340', 'P005', 'P005_90', 300000),
('Ve341', 'P006', 'P006_01', 75000),
('Ve342', 'P006', 'P006_02', 75000),
('Ve343', 'P006', 'P006_03', 75000),
('Ve344', 'P006', 'P006_04', 75000),
('Ve345', 'P006', 'P006_05', 75000),
('Ve346', 'P006', 'P006_06', 75000),
('Ve347', 'P006', 'P006_07', 75000),
('Ve348', 'P006', 'P006_08', 75000),
('Ve349', 'P006', 'P006_09', 75000),
('Ve350', 'P006', 'P006_10', 75000),
('Ve351', 'P006', 'P006_11', 75000),
('Ve352', 'P006', 'P006_12', 75000),
('Ve353', 'P006', 'P006_13', 75000),
('Ve354', 'P006', 'P006_14', 75000),
('Ve355', 'P006', 'P006_15', 75000),
('Ve356', 'P006', 'P006_16', 75000),
('Ve357', 'P006', 'P006_17', 75000),
('Ve358', 'P006', 'P006_18', 75000),
('Ve359', 'P006', 'P006_19', 75000),
('Ve360', 'P006', 'P006_20', 75000),
('Ve361', 'P006', 'P006_21', 75000),
('Ve362', 'P006', 'P006_22', 75000),
('Ve363', 'P006', 'P006_23', 75000),
('Ve364', 'P006', 'P006_24', 75000),
('Ve365', 'P006', 'P006_25', 75000),
('Ve366', 'P006', 'P006_26', 75000),
('Ve367', 'P006', 'P006_27', 75000),
('Ve368', 'P006', 'P006_28', 75000),
('Ve369', 'P006', 'P006_29', 75000),
('Ve370', 'P006', 'P006_30', 75000),
('Ve371', 'P006', 'P006_31', 75000),
('Ve372', 'P006', 'P006_32', 75000),
('Ve373', 'P006', 'P006_33', 75000),
('Ve374', 'P006', 'P006_34', 75000),
('Ve375', 'P006', 'P006_35', 75000),
('Ve376', 'P006', 'P006_36', 75000),
('Ve377', 'P006', 'P006_37', 75000),
('Ve378', 'P006', 'P006_38', 75000),
('Ve379', 'P006', 'P006_39', 75000),
('Ve380', 'P006', 'P006_40', 75000),
('Ve381', 'P006', 'P006_41', 180000),
('Ve382', 'P006', 'P006_42', 180000),
('Ve383', 'P006', 'P006_43', 120000),
('Ve384', 'P006', 'P006_44', 120000),
('Ve385', 'P006', 'P006_45', 120000),
('Ve386', 'P006', 'P006_46', 120000),
('Ve387', 'P006', 'P006_47', 120000),
('Ve388', 'P006', 'P006_48', 120000),
('Ve389', 'P006', 'P006_49', 180000),
('Ve390', 'P006', 'P006_50', 180000),
('Ve391', 'P006', 'P006_51', 180000),
('Ve392', 'P006', 'P006_52', 180000),
('Ve393', 'P006', 'P006_53', 120000),
('Ve394', 'P006', 'P006_54', 120000),
('Ve395', 'P006', 'P006_55', 120000),
('Ve396', 'P006', 'P006_56', 120000),
('Ve397', 'P006', 'P006_57', 120000),
('Ve398', 'P006', 'P006_58', 120000),
('Ve399', 'P006', 'P006_59', 180000),
('Ve400', 'P006', 'P006_60', 180000),
('Ve401', 'P007', 'P007_01', 105000),
('Ve402', 'P007', 'P007_02', 105000),
('Ve403', 'P007', 'P007_03', 105000),
('Ve404', 'P007', 'P007_04', 105000),
('Ve405', 'P007', 'P007_05', 105000),
('Ve406', 'P007', 'P007_06', 105000),
('Ve407', 'P007', 'P007_07', 105000),
('Ve408', 'P007', 'P007_08', 105000),
('Ve409', 'P007', 'P007_09', 105000),
('Ve410', 'P007', 'P007_10', 105000),
('Ve411', 'P007', 'P007_11', 105000),
('Ve412', 'P007', 'P007_12', 105000),
('Ve413', 'P007', 'P007_13', 105000),
('Ve414', 'P007', 'P007_14', 105000),
('Ve415', 'P007', 'P007_15', 105000),
('Ve416', 'P007', 'P007_16', 105000),
('Ve417', 'P007', 'P007_17', 105000),
('Ve418', 'P007', 'P007_18', 105000),
('Ve419', 'P007', 'P007_19', 105000),
('Ve420', 'P007', 'P007_20', 105000),
('Ve421', 'P007', 'P007_21', 105000),
('Ve422', 'P007', 'P007_22', 105000),
('Ve423', 'P007', 'P007_23', 105000),
('Ve424', 'P007', 'P007_24', 105000),
('Ve425', 'P007', 'P007_25', 105000),
('Ve426', 'P007', 'P007_26', 105000),
('Ve427', 'P007', 'P007_27', 105000),
('Ve428', 'P007', 'P007_28', 105000),
('Ve429', 'P007', 'P007_29', 105000),
('Ve430', 'P007', 'P007_30', 105000),
('Ve431', 'P007', 'P007_31', 180000),
('Ve432', 'P007', 'P007_32', 180000),
('Ve433', 'P007', 'P007_33', 130000),
('Ve434', 'P007', 'P007_34', 130000),
('Ve435', 'P007', 'P007_35', 130000),
('Ve436', 'P007', 'P007_36', 130000),
('Ve437', 'P007', 'P007_37', 130000),
('Ve438', 'P007', 'P007_38', 130000),
('Ve439', 'P007', 'P007_39', 180000),
('Ve440', 'P007', 'P007_40', 180000),
('Ve441', 'P007', 'P007_41', 180000),
('Ve442', 'P007', 'P007_42', 180000),
('Ve443', 'P007', 'P007_43', 130000),
('Ve444', 'P007', 'P007_44', 130000),
('Ve445', 'P007', 'P007_45', 130000),
('Ve446', 'P007', 'P007_46', 130000),
('Ve447', 'P007', 'P007_47', 130000),
('Ve448', 'P007', 'P007_48', 130000),
('Ve449', 'P007', 'P007_49', 180000),
('Ve450', 'P007', 'P007_50', 180000),
('Ve451', 'P008', 'P008_01', 75000),
('Ve452', 'P008', 'P008_02', 75000),
('Ve453', 'P008', 'P008_03', 75000),
('Ve454', 'P008', 'P008_04', 75000),
('Ve455', 'P008', 'P008_05', 75000),
('Ve456', 'P008', 'P008_06', 75000),
('Ve457', 'P008', 'P008_07', 75000),
('Ve458', 'P008', 'P008_08', 75000),
('Ve459', 'P008', 'P008_09', 75000),
('Ve460', 'P008', 'P008_10', 75000),
('Ve461', 'P008', 'P008_11', 75000),
('Ve462', 'P008', 'P008_12', 75000),
('Ve463', 'P008', 'P008_13', 75000),
('Ve464', 'P008', 'P008_14', 75000),
('Ve465', 'P008', 'P008_15', 75000),
('Ve466', 'P008', 'P008_16', 75000),
('Ve467', 'P008', 'P008_17', 75000),
('Ve468', 'P008', 'P008_18', 75000),
('Ve469', 'P008', 'P008_19', 75000),
('Ve470', 'P008', 'P008_20', 75000),
('Ve471', 'P008', 'P008_21', 75000),
('Ve472', 'P008', 'P008_22', 75000),
('Ve473', 'P008', 'P008_23', 75000),
('Ve474', 'P008', 'P008_24', 75000),
('Ve475', 'P008', 'P008_25', 75000),
('Ve476', 'P008', 'P008_26', 75000),
('Ve477', 'P008', 'P008_27', 75000),
('Ve478', 'P008', 'P008_28', 75000),
('Ve479', 'P008', 'P008_29', 75000),
('Ve480', 'P008', 'P008_30', 75000),
('Ve481', 'P008', 'P008_31', 75000),
('Ve482', 'P008', 'P008_32', 75000),
('Ve483', 'P008', 'P008_33', 75000),
('Ve484', 'P008', 'P008_34', 75000),
('Ve485', 'P008', 'P008_35', 75000),
('Ve486', 'P008', 'P008_36', 75000),
('Ve487', 'P008', 'P008_37', 75000),
('Ve488', 'P008', 'P008_38', 75000),
('Ve489', 'P008', 'P008_39', 75000),
('Ve490', 'P008', 'P008_40', 75000),
('Ve491', 'P008', 'P008_41', 180000),
('Ve492', 'P008', 'P008_42', 180000),
('Ve493', 'P008', 'P008_43', 120000),
('Ve494', 'P008', 'P008_44', 120000),
('Ve495', 'P008', 'P008_45', 120000),
('Ve496', 'P008', 'P008_46', 120000),
('Ve497', 'P008', 'P008_47', 120000),
('Ve498', 'P008', 'P008_48', 120000),
('Ve499', 'P008', 'P008_49', 180000),
('Ve500', 'P008', 'P008_50', 180000),
('Ve501', 'P008', 'P008_51', 180000),
('Ve502', 'P008', 'P008_52', 180000),
('Ve503', 'P008', 'P008_53', 120000),
('Ve504', 'P008', 'P008_54', 120000),
('Ve505', 'P008', 'P008_55', 120000),
('Ve506', 'P008', 'P008_56', 120000),
('Ve507', 'P008', 'P008_57', 120000),
('Ve508', 'P008', 'P008_58', 120000),
('Ve509', 'P008', 'P008_59', 180000),
('Ve510', 'P008', 'P008_60', 180000),
('Ve511', 'P009', 'P009_01', 105000),
('Ve512', 'P009', 'P009_02', 105000),
('Ve513', 'P009', 'P009_03', 105000),
('Ve514', 'P009', 'P009_04', 105000),
('Ve515', 'P009', 'P009_05', 105000),
('Ve516', 'P009', 'P009_06', 105000),
('Ve517', 'P009', 'P009_07', 105000),
('Ve518', 'P009', 'P009_08', 105000),
('Ve519', 'P009', 'P009_09', 105000),
('Ve520', 'P009', 'P009_10', 105000),
('Ve521', 'P009', 'P009_11', 105000),
('Ve522', 'P009', 'P009_12', 105000),
('Ve523', 'P009', 'P009_13', 105000),
('Ve524', 'P009', 'P009_14', 105000),
('Ve525', 'P009', 'P009_15', 105000),
('Ve526', 'P009', 'P009_16', 105000),
('Ve527', 'P009', 'P009_17', 105000),
('Ve528', 'P009', 'P009_18', 105000),
('Ve529', 'P009', 'P009_19', 105000),
('Ve530', 'P009', 'P009_20', 105000),
('Ve531', 'P009', 'P009_21', 105000),
('Ve532', 'P009', 'P009_22', 105000),
('Ve533', 'P009', 'P009_23', 105000),
('Ve534', 'P009', 'P009_24', 105000),
('Ve535', 'P009', 'P009_25', 105000),
('Ve536', 'P009', 'P009_26', 105000),
('Ve537', 'P009', 'P009_27', 130000),
('Ve538', 'P009', 'P009_28', 130000),
('Ve539', 'P009', 'P009_29', 130000),
('Ve540', 'P009', 'P009_30', 130000),
('Ve541', 'P009', 'P009_31', 130000),
('Ve542', 'P009', 'P009_32', 130000),
('Ve543', 'P009', 'P009_33', 105000),
('Ve544', 'P009', 'P009_34', 105000),
('Ve545', 'P009', 'P009_35', 130000),
('Ve546', 'P009', 'P009_36', 130000),
('Ve547', 'P009', 'P009_37', 130000),
('Ve548', 'P009', 'P009_38', 130000),
('Ve549', 'P009', 'P009_39', 130000),
('Ve550', 'P009', 'P009_40', 130000),
('Ve551', 'P010', 'P010_01', 75000),
('Ve552', 'P010', 'P010_02', 75000),
('Ve553', 'P010', 'P010_03', 75000),
('Ve554', 'P010', 'P010_04', 75000),
('Ve555', 'P010', 'P010_05', 75000),
('Ve556', 'P010', 'P010_06', 75000),
('Ve557', 'P010', 'P010_07', 75000),
('Ve558', 'P010', 'P010_08', 75000),
('Ve559', 'P010', 'P010_09', 75000),
('Ve560', 'P010', 'P010_10', 75000),
('Ve561', 'P010', 'P010_11', 75000),
('Ve562', 'P010', 'P010_12', 75000),
('Ve563', 'P010', 'P010_13', 75000),
('Ve564', 'P010', 'P010_14', 75000),
('Ve565', 'P010', 'P010_15', 75000),
('Ve566', 'P010', 'P010_16', 75000),
('Ve567', 'P010', 'P010_17', 75000),
('Ve568', 'P010', 'P010_18', 75000),
('Ve569', 'P010', 'P010_19', 75000),
('Ve570', 'P010', 'P010_20', 75000),
('Ve571', 'P010', 'P010_21', 75000),
('Ve572', 'P010', 'P010_22', 75000),
('Ve573', 'P010', 'P010_23', 75000),
('Ve574', 'P010', 'P010_24', 75000),
('Ve575', 'P010', 'P010_25', 75000),
('Ve576', 'P010', 'P010_26', 75000),
('Ve577', 'P010', 'P010_27', 75000),
('Ve578', 'P010', 'P010_28', 75000),
('Ve579', 'P010', 'P010_29', 75000),
('Ve580', 'P010', 'P010_30', 75000),
('Ve581', 'P010', 'P010_31', 75000),
('Ve582', 'P010', 'P010_32', 75000),
('Ve583', 'P010', 'P010_33', 75000),
('Ve584', 'P010', 'P010_34', 75000),
('Ve585', 'P010', 'P010_35', 75000),
('Ve586', 'P010', 'P010_36', 75000),
('Ve587', 'P010', 'P010_37', 75000),
('Ve588', 'P010', 'P010_38', 75000),
('Ve589', 'P010', 'P010_39', 75000),
('Ve590', 'P010', 'P010_40', 75000),
('Ve591', 'P010', 'P010_41', 180000),
('Ve592', 'P010', 'P010_42', 180000),
('Ve593', 'P010', 'P010_43', 120000),
('Ve594', 'P010', 'P010_44', 120000),
('Ve595', 'P010', 'P010_45', 120000),
('Ve596', 'P010', 'P010_46', 120000),
('Ve597', 'P010', 'P010_47', 120000),
('Ve598', 'P010', 'P010_48', 120000),
('Ve599', 'P010', 'P010_49', 180000),
('Ve600', 'P010', 'P010_50', 180000),
('Ve601', 'P010', 'P010_51', 180000),
('Ve602', 'P010', 'P010_52', 180000),
('Ve603', 'P010', 'P010_53', 120000),
('Ve604', 'P010', 'P010_54', 120000),
('Ve605', 'P010', 'P010_55', 120000),
('Ve606', 'P010', 'P010_56', 120000),
('Ve607', 'P010', 'P010_57', 120000),
('Ve608', 'P010', 'P010_58', 120000),
('Ve609', 'P010', 'P010_59', 180000),
('Ve610', 'P010', 'P010_60', 180000);

--
-- Indexes for dumped tables
--

--
-- Indexes for table CTHDDichVu
--
ALTER TABLE CTHDDichVu
  ADD KEY MaHD (MaHD),
  ADD KEY MaDV (MaDV);

--
-- Indexes for table CTHDVe
--
ALTER TABLE CTHDVe
  ADD KEY MaHD (MaHD),
  ADD KEY MaVe (MaVe);

--
-- Indexes for table DichVu
--
ALTER TABLE DichVu
  ADD PRIMARY KEY (MaDV);

--
-- Indexes for table Ghe
--
ALTER TABLE Ghe
  ADD PRIMARY KEY (MaGhe),
  ADD KEY MaPhong (MaPhong);

--
-- Indexes for table HoaDon
--
ALTER TABLE HoaDon
  ADD PRIMARY KEY (MaHD),
  ADD KEY MaND (MaND);

--
-- Indexes for table NguoiDung
--
ALTER TABLE NguoiDung
  ADD PRIMARY KEY (MaND),
  ADD UNIQUE KEY Email (Email);

--
-- Indexes for table Phim
--
ALTER TABLE Phim
  ADD PRIMARY KEY (MaPhim);

--
-- Indexes for table PhongChieu
--
ALTER TABLE PhongChieu
  ADD PRIMARY KEY (MaPhong);

--
-- Indexes for table QuangCao
--
ALTER TABLE QuangCao
  ADD PRIMARY KEY (MaQC);

--
-- Indexes for table SuatChieu
--
ALTER TABLE SuatChieu
  ADD PRIMARY KEY (MaSuat),
  ADD KEY MaPhim (MaPhim),
  ADD KEY MaPhong (MaPhong);

--
-- Indexes for table ThanhToan
--
ALTER TABLE ThanhToan
  ADD PRIMARY KEY (MaThanhToan),
  ADD KEY MaHD (MaHD);

--
-- Indexes for table UuDai
--
ALTER TABLE UuDai
  ADD PRIMARY KEY (MaUD);

--
-- Indexes for table Ve
--
ALTER TABLE Ve
  ADD PRIMARY KEY (MaVe),
  ADD UNIQUE KEY unique_seat_room (MaPhong,MaGhe),
  ADD KEY MaGhe (MaGhe);

--
-- ConstraINTs for dumped tables
--

--
-- ConstraINTs for table CTHDDichVu
--
ALTER TABLE CTHDDichVu
  ADD CONSTRAINT CTHDDichVu_ibfk_1 FOREIGN KEY (MaHD) REFERENCES HoaDon (MaHD) ON DELETE CASCADE,
  ADD CONSTRAINT CTHDDichVu_ibfk_2 FOREIGN KEY (MaDV) REFERENCES DichVu (MaDV) ON DELETE SET NULL;

--
-- ConstraINTs for table CTHDVe
--
ALTER TABLE CTHDVe
  ADD CONSTRAINT CTHDVe_ibfk_1 FOREIGN KEY (MaHD) REFERENCES HoaDon (MaHD) ON DELETE CASCADE,
  ADD CONSTRAINT CTHDVe_ibfk_2 FOREIGN KEY (MaVe) REFERENCES Ve (MaVe) ON DELETE SET NULL;

--
-- ConstraINTs for table Ghe
--
ALTER TABLE Ghe
  ADD CONSTRAINT Ghe_ibfk_1 FOREIGN KEY (MaPhong) REFERENCES PhongChieu (MaPhong) ON DELETE CASCADE;

--
-- ConstraINTs for table HoaDon
--
ALTER TABLE HoaDon
  ADD CONSTRAINT HoaDon_ibfk_1 FOREIGN KEY (MaND) REFERENCES NguoiDung (MaND) ON DELETE CASCADE;

--
-- ConstraINTs for table SuatChieu
--
ALTER TABLE SuatChieu
  ADD CONSTRAINT SuatChieu_ibfk_1 FOREIGN KEY (MaPhim) REFERENCES Phim (MaPhim) ON DELETE CASCADE,
  ADD CONSTRAINT SuatChieu_ibfk_2 FOREIGN KEY (MaPhong) REFERENCES PhongChieu (MaPhong) ON DELETE CASCADE;

--
-- ConstraINTs for table ThanhToan
--
ALTER TABLE ThanhToan
  ADD CONSTRAINT ThanhToan_ibfk_1 FOREIGN KEY (MaHD) REFERENCES HoaDon (MaHD) ON DELETE CASCADE;

--
-- ConstraINTs for table Ve
--
ALTER TABLE Ve
  ADD CONSTRAINT Ve_ibfk_1 FOREIGN KEY (MaPhong) REFERENCES PhongChieu (MaPhong) ON DELETE CASCADE,
  ADD CONSTRAINT Ve_ibfk_2 FOREIGN KEY (MaGhe) REFERENCES Ghe (MaGhe) ON DELETE CASCADE;
COMMIT;

/*!40101 SET CharACTER_SET_CLIENT=@OLD_CharACTER_SET_CLIENT */;
/*!40101 SET CharACTER_SET_RESULTS=@OLD_CharACTER_SET_RESULTS */;
/*!40101 SET COLLATION_CONNECTION=@OLD_COLLATION_CONNECTION */;
